,title,category
9749,굽네핫갈비천왕윙,굽네핫갈비천왕윙
9750,오스본토니포트,오스본토니포트
9751,굽네볼케이노순살,굽네볼케이노순살
9752,굽네볼케이노윙,굽네볼케이노윙
9753,블루넌돈펠더,넌돈펠더
9754,디너,디너
9755,생선회모둠,회모둠
9756,허니브래드,허니브래드
9757,오도로,오도로
9758,굽네허니멜로,멜로
9759,굽네허니멜로순살,멜로순살
9760,굽네허니멜로윙,멜로윙
9761,굽네오리지널통다리반굽네오리지널윙반,윙반
9762,굽네볼케이노시리즈,굽네볼케이노시리즈
9763,굽네갈비천왕시리즈,굽네갈비천왕시리즈
9764,버팔로윙오븐구이,버팔로윙오븐구이
9765,굽네볼케이노마리,굽네볼케이노마리
9766,굽네갈비천왕마리,굽네갈비천왕마리
9767,얼음황도,얼음황도
9768,비너스까스,비너스까스
9769,매운소갈비,매운소갈비
9770,흑마법,흑마법
9771,파채,파채
9772,추어통마리튀김,추어통마리튀김
9773,추어통마리,추어통마리
9774,인삼튀김,인삼튀김
9775,엘도라도,엘도라도
9776,네그로니,네그로니
9777,트로이목마,트로이목마
9778,양주,양주
9779,도다리입하,입하
9780,크레마치노,크레마치노
9781,사이드카,사이드카
9782,오후의죽음,오후의죽음
9783,케이준후렌치후라이,케이준후렌치후라이
9784,치즈시즈닝케이준후라이,시즈닝케이준후라이
9785,마카오비어,마카오비어
9786,미니케이스대,케이스대
9787,미키슬림,미키슬림
9788,키르,키르
9789,주도로,주도로
9790,야마끼,야마끼
9791,발라라이카,발라라이카
9792,추가주문,추가주문
9793,피자외인기준추가,외인기준추가
9794,음료를바르슈타이너생맥주로변경시,맥주로변경시
9795,선물용대,선물용대
9796,선물용중,선물용중
9797,선물용소,선물용소
9798,미니케이스소,케이스소
9799,브루클린라거,클린라거
9800,미니케이스럭셔리,케이스럭셔리
9801,프리백,프리백
9802,브레이브불,브레이브불
9803,간식용,간식용
9804,단체간식용,단체간식용
9805,코코너츠,너츠
9806,간식용캐슈넛,간식용캐슈넛
9807,강화전,강화전
9808,스지도가니오뎅탕,스지도가니오뎅탕
9809,장어숯붗구이,숯붗구이
9810,리치몬드라거,몬드라거
9811,골드킹순살,킹순살
9812,뿌링클윙,뿌링클윙
9813,파불로에반하다,파불로에반하다
9814,쿠츠로기노아마구치,쿠츠로기노아마구치
9815,나마죠조,나마죠조
9816,조센,조센
9817,죠센다루사케,죠센다루사케
9818,구로시라나미,구로시라나미
9819,비잔클리어,비잔클리어
9820,교자탕,교자탕
9821,스끼야끼,스끼야끼
9822,시샤모,시샤모
9823,단밤숯불구이,단밤숯불구이
9824,닭가라아게,닭가라아게
9825,닭껍질가라아게,닭껍질가라아게
9826,다이커리플레이버,다이커리플레이버
9827,낫토,낫토
9828,코크하이볼,코크하이볼
9829,와인크루저,크루저
9830,오비라거생맥주,오비라거생맥주
9831,카스병맥주,카스병맥주
9832,오비라거병맥주,오비라거병맥주
9833,호가든병맥주,호가든병맥주
9834,테라병맥주,테라병맥주
9835,진저에일토닉워터,에일토닉워터
9836,내장따로,내장따로
9837,섞어따로,섞어따로
9838,몰디브,몰디브
9839,야생화,야생화
9840,마쯔리텐구,마쯔리텐구
9841,오제키스모,오제키스모
9842,후라이드윙,후라이드윙
9843,간바레오돗짱,간바레오돗짱
9844,샹송부르고뉴샤르도네,샹송부르고뉴샤르도네
9845,갈리앙드샤또뒤동,갈리앙드샤또뒤동
9846,돈키호테,돈키호테
9847,이네아시라,이네아시라
9848,디비니스가르나챠,디비니스가르나챠
9849,라다치니빈티지메를로,라다치니빈티지메를로
9850,테라옥시타나샤르도네,테라옥시타나샤르도네
9851,에스타비뉴베르드,비뉴베르드
9852,도멘라삐뜨쇼비뇽그로망상,망상
9853,바그너리슬링,바그너리슬링
9854,비첸티니아고스티노소아베,아베
9855,라다치니암프레비오리카리슬링샤르도네,카리슬링샤르도네
9856,모듬타파스,타파스
9857,글렌모린지년,글렌모린지년
9858,다리살파,살파
9859,켄터키젠틀맨,켄터키젠틀맨
9860,명란가슴살,명란가슴살
9861,제임슨스탠다드,제임슨스탠다드
9862,먹태칩스,먹태칩스
9863,아스파라거스삼겹말이,아스파라거스삼겹말이
9864,은행구이,은행구이
9865,치폴레버팔로봉,치폴레버팔로봉
9866,바카디콕,바카디콕
9867,한맥병맥주,한맥병맥주
9868,청주도꾸리,청주도꾸리
9869,대방어,대방어
9870,산오징어먹퉁,먹퉁
9871,해산물모둠,해산물모둠
9872,참돔통사시미,참돔통사시미
9873,순살파탉,순살파탉
9874,웰빙꺳잎쌈닭,웰빙꺳잎쌈닭
9875,생막창,생막창
9876,한돈특급대패,한돈특급대패
9877,꽃갈비살,꽃갈비살
9878,흑돼지왕대패,왕대패
9879,설화,설화
9880,별도와인리스트구비,리스트구비
9881,치즈스노우퀸후라이드,퀸후라이드
9882,일품돼지갈비,일품돼지갈비
9883,돈차돌,돈차돌
9884,고기드신후식사무료제공,공
9885,상강꽃살,상강꽃살
9886,야끼니꾸꽃살,야끼니꾸꽃살
9887,황금등심,황금등심
9888,전복대하구이,전복대하구이
9889,보리굴비반상,굴비반상
9890,갈빗살,갈빗살
9891,수백한상,수백한상
9892,탐의보감종,탐의보감종
9893,꼰대라떼,꼰대라떼
9894,남도정식,남도정식
9895,삼정코스,삼정코스
9896,페퍼로니프레즐,페퍼로니프레즐
9897,쉐프,쉐프
9898,생삼겹등급,생삼겹등급
9899,양념불쭈삼,불쭈삼
9900,자연송이전복북,자연송이전복북
9901,핑유,핑유
9902,같이죽자,같이죽자
9903,제주대패오겹살,대패오겹살
9904,늑대에게,늑대에게
9905,여우에게,여우에게
9906,자항,자항
9907,도화,도화
9908,항동네기도로동,항동네기도로동
9909,항동챠슈동,항동챠슈동
9910,항동니소쿠동,항동니소쿠동
9911,대폿잔,대폿잔
9912,시오라멘,시오라멘
9913,동해,동해
9914,쥐포구이,쥐포구이
9915,섹시한엉덩이,섹시한엉덩이
9916,히야시주카,히야시주카
9917,냉정,냉정
9918,홍탕으로변경,홍탕으로변경
9919,주안상영양가비찜,주안상영양가비찜
9920,제주도식보쌈,도식보쌈
9921,낙엽살육전,낙엽살육전
9922,이유식,이유식
9923,한우야채죽,한우야채죽
9924,자연송이죽,자연송이죽
9925,오다리버터구이매운맛,구이매운맛
9926,오로디제,오로디제
9927,호프굿리슬링,호프굿리슬링
9928,샤또플라네르샹따이,샤또플라네르샹따이
9929,모듬까스안주,까스안주
9930,후라이드반마리,후라이드반마리
9931,깐풍반마리,깐풍반마리
9932,유가스페셜,유가스페셜
9933,위스키밤,위스키밤
9934,시간저온숙성생맥주,시간저온숙성생맥주
9935,해울오뎅탕,해울오뎅탕
9936,매운닭발,매운닭발
9937,근위튀김,근위튀김
9938,국순당복분자,국순당복분자
9939,국순당뽕술,국순당뽕술
9940,아이싱,아이싱
9941,맛나뼈찜,맛나뼈찜
9942,대동강페일에일,대동강페일에일
9943,반반튀김,반반튀김
9944,맛배기튀김,맛배기튀김
9945,스텔라아르투아,스텔라아르투아
9946,마흑맥주,마흑맥주
9947,그린티탐앤치노,탐앤치노
9948,애프터,애프터
9949,요이텐동,요이텐동
9950,에비텐동,에비텐동
9951,쿠마텐동,쿠마텐동
9952,토리야마동,토리야마동
9953,부타야마동,부타야마동
9954,샘플러종,샘플러종
9955,쇼킹핫반크리미언반,언반
9956,쉐이킹시즈닝나초,쉐이킹시즈닝나초
9957,크리미언반핫블링반,언반핫블링반
9958,순살맵스터,순살맵스터
9959,코로나리타,코로나리타
9960,뿌링클핫,뿌링클핫
9961,순살뿌링클,순살뿌링클
9962,순살뿌링클핫,순살뿌링클핫
9963,에로스,에로스
9964,커리퀸,커리퀸
9965,순살커리퀸,순살커리퀸
9966,과카몰리,과카몰리
9967,순살맛초킹,순살맛초킹
9968,갈비레오,갈비레오
9969,맵스터,맵스터
9970,치하오,치하오
9971,뿌링소떡,뿌링소떡
9972,순살치하오,순살치하오
9973,해바라기후라이드,해바라기후라이드
9974,칠리치즈나초스페셜,나초스페셜
9975,멕시칸스트릿콘나초,스트릿콘나초
9976,뿌링콜팝,뿌링콜팝
9977,왕콜팝,왕콜팝
9978,뿌링왕콜팝,뿌링왕콜팝
9979,빅콜팝,빅콜팝
9980,뿌링빅콜팝,뿌링빅콜팝
9981,더블칩스앤살사,칩스앤살사
9982,빨간소떡,빨간소떡
9983,위스키샷추가,위스키샷추가
9984,모든주류,모든주류
9985,제이앤비제트,제이앤비제트
9986,모든음료,모든음료
9987,우설,우설
9988,제비추리,제비추리
9989,거대특생갈비,거대특생갈비
9990,싱가폴슬링,싱가폴슬링
9991,거대특수부위,거대특수부위
9992,샹송브르고뉴피노누아,샹송브르고뉴피노누아
9993,비키니마티니,비키니마티니
9994,진마티니,진마티니
9995,샤또프라네르라로마니,샤또프라네르라로마니
9996,루치올라이오,루치올라이오
9997,샹송쥬브레샹베르땡,샹송쥬브레샹베르땡
9998,보르동크리안자,보르동크리안자
9999,도멘생뱅상꼬뜨뒤론빌라쥐,라쥐
10000,로얄살루트,살루트
10001,마르께스깜포알토마데이라,이라
10002,바그너피노누아,바그너피노누아
10003,보르동레제르바,보르동레제르바
10004,샤또플라네르쿰다스,샤또플라네르쿰다스
10005,도멘생뱅상뱅소브르,도멘생뱅상뱅소브르
10006,라다치니빈티지까베르네소비뇽메를로,네소비뇽메를로
10007,몬테풀치아노다부르쪼,몬테풀치아노다부르쪼
10008,발렌타인즈년,발렌타인즈년
10009,테라옥시타나가메시라,테라옥시타나가메시라
10010,쟈크샤를레꼬뜨뒤론,쟈크샤를레꼬뜨뒤론
10011,샤또유지니트라디씨옹,샤또유지니트라디씨옹
10012,상강등심,상강등심
10013,참갈비,참갈비
10014,본,본
10015,마타도르,마타도르
10016,비번콕,비번콕
10017,러스티네일,러스티네일
10018,위스키콕,위스키콕
10019,엑스썬라이즈,엑스썬라이즈
10020,까이피로스카,까이피로스카
10021,더티마티니,더티마티니
10022,오버더레인보우블라스,블라스
10023,민트초코봉봉블라스트,봉봉블라스트
10024,보드카마티니,보드카마티니
10025,보드카에너지,보드카에너지
10026,하프갤런,갤런
10027,아이스마카롱,아이스마카롱
10028,밥창,밥창
10029,아이스크림롤,아이스크림롤
10030,밀탑팔추가,밀탑팔추가
10031,활참복정식,활참복정식
10032,활참복수욕,활참복수욕
10033,활참복튀김,활참복튀김
10034,활참복사시미,활참복사시미
10035,생밀복,생밀복
10036,삼각김밥,삼각김밥
10037,밥이랑만둣국,밥이랑만둣국
10038,참전복구이,참전복구이
10039,마가리타플레이버,마가리타플레이버
10040,마른안주플래터,마른안주플래터
10041,하몽살라미햄플래터,햄플래터
10042,기본서비스비용,기본서비스비용
10043,무사아와비,무사아와비
10044,난코츠가라아게,난코츠가라아게
10045,문디깡,문디깡
10046,차돌박이삼합특선,삼합특선
10047,관자추가,관자추가
10048,전복내장죽,전복내장죽
10049,모주,모주
10050,둥지함박,둥지함박
10051,가든함박,가든함박
10052,자연산모짜렐라치즈패티로변경,패티로변경
10053,수제빵추가,수제빵추가
10054,우족꼬리탕,우족꼬리탕
10055,수구레무침소,수구레무침소
10056,수구레무침대,수구레무침대
10057,두루치기소,두루치기소
10058,완도활전복,완도활전복
10059,생조개,생조개
10060,한돈,한돈
10061,한우대창,한우대창
10062,어린이정식,어린이정식
10063,하이네켄빅바틀,하이네켄빅바틀
10064,호무스,호무스
10065,라지사이즈변경,라지사이즈변경
10066,번피센티네,번피센티네
10067,베지테리언포케,베지테리언포케
10068,폰타나프레다네비올로,폰타나프레다네비올로
10069,진전복내장죽,진전복내장죽
10070,규스지조림,규스지조림
10071,모둠사리,모둠사리
10072,특전복내장죽,특전복내장죽
10073,쇠고기야채죽,쇠고기야채죽
10074,불낙죽,불낙죽
10075,미오파소그릴로,미오파소그릴로
10076,해산물스튜,해산물스튜
10077,페로니,페로니
10078,에비수,에비수
10079,한우필라프,한우필라프
10080,채끝,채끝
10081,드라이에이징본,드라이에이징본
10082,립아이,립아이
10083,보리문디오마카세,문디오마카세
10084,제철모둠사시미,제철모둠사시미
10085,고노와다인,고노와다인
10086,쯔께모노종,쯔께모노종
10087,한우안심타다끼,한우안심타다끼
10088,보리문디탕,문디탕
10089,자연송이쇠고기죽,자연송이쇠고기죽
10090,세이로무시,세이로무시
10091,전복마리,전복마리
10092,참치뱃살모둠사시미,뱃살모둠사시미
10093,잿방어사시미,잿방어사시미
10094,닭다리살타래구이,살타래구이
10095,폿탄,폿탄
10096,마구로슈토아에,마구로슈토아에
10097,미소메로구이,미소메로구이
10098,산펠리체,산펠리체
10099,산펠리체비고렐로,산펠리체비고렐로
10100,마르께스데리스칼템프라니오,라니오
10101,에고보데가스고루,에고보데가스고루
10102,샤또레팽,샤또레팽
10103,특카이센동,특카이센동
10104,카이센동,카이센동
10105,텐동,텐동
10106,생선회고노와다,회고노와다
10107,모찌리도후,모찌리도후
10108,보양식메뉴,보양식메뉴
10109,특미돈까스,특미돈까스
10110,아지오마카세,아지오마카세
10111,혼마구로뱃살사시미,혼마구로뱃살사시미
10112,해산물사시미,해산물사시미
10113,와다한종지,와다한종지
10114,사시미고노와다,사시미고노와다
10115,광어고노와다무침,고노와다무침
10116,밍크고래고기,밍크고래고기
10117,오리훈재,오리훈재
10118,오떡순,오떡순
10119,튀떡순,튀떡순
10120,이가네셋트,이가네셋트
10121,고급순대교체,교체
10122,시락국포장,시락국포장
10123,특탕,특탕
10124,영양탕,영양탕
10125,라벤다,라벤다
10126,생선구이인,구이인
10127,샤또오시에르,샤또오시에르
10128,조셉드루앙지브리,조셉드루앙지브리
10129,도멘데에스키하벨레꼬뜨뒤론,뜨뒤론
10130,울프블라스그레이라벨쉬라즈,라벨쉬라즈
10131,란그랑리제르바,란그랑리제르바
10132,세꼬시정식,세꼬시정식
10133,세인트프란시스소노마카운티까베르네쇼비뇽,카운티까베르네쇼비뇽
10134,횟밥정식,횟밥정식
10135,케이머스빈야드나파밸리까베르네쇼비뇽,리까베르네쇼비뇽
10136,엘하워드리제르바까베르네쇼비뇽,르네쇼비뇽
10137,코라손델인디오,코라손델인디오
10138,끌로드로스씨에떼,끌로드로스씨에떼
10139,왕대박모밀,왕대박모밀
10140,타라파카에티게타아쑬,타라파카에티게타아쑬
10141,그랜트버지피프스제너레이션바로사쉬라즈,레이션바로사쉬라즈
10142,마르께스드모니스트롤까바브뤼,까바브뤼
10143,조셉드루앙부르고뉴삐노누아라포레,노누아라포레
10144,비네르히야깜스데스뗄스까바브뤼,스까바브뤼
10145,왕대박냉모밀,왕대박냉모밀
10146,모엣샹동브릿임페이럴,모엣샹동브릿임페이럴
10147,조닌모스까또다스띠,조닌모스까또다스띠
10148,맥매니스비오니에,맥매니스비오니에
10149,땡초돈까스,땡초돈까스
10150,조셉드루왕샤블리,조셉드루왕샤블리
10151,우마니론끼까살디세라,우마니론끼까살디세라
10152,앙리부르주아상세르,앙리부르주아상세르
10153,샤또몬텔레나,샤또몬텔레나
10154,비달플레리꼬드뒤론빌라쥬루즈,라쥬루즈
10155,해물김치해장죽,해장죽
10156,매생이굴죽,매생이굴죽
10157,연두부오리알,오리알
10158,탄산,탄산
10159,콜드브루니트로,니트로
10160,엣지선택,엣지선택
10161,콜드브루크림넛,크림넛
10162,자몽네이블오렌지,네이블오렌지
10163,레몬스윗플럼,스윗플럼
10164,석류애플라임,석류애플라임
10165,들깨가루추가,가루추가
10166,국내산생목살,국내산생목살
10167,페퍼민트티,페퍼민트티
10168,국내산생오겹살,국내산생오겹살
10169,꿀복숭아,꿀복숭아
10170,다온상,다온상
10171,미리맞이상,미리맞이상
10172,민트초콜릿칩,민트초콜릿칩
10173,알천상,알천상
10174,버블흑당라떼,버블흑당라떼
10175,버블흑당콜드브루,버블흑당콜드브루
10176,송아리상,송아리상
10177,주먹구이,주먹구이
10178,상강꽃갈비,상강꽃갈비
10179,오징어후라잉,후라잉
10180,순살파닭,순살파닭
10181,무뼈불닭발,무뼈불닭발
10182,포장생맥주,포장생맥주
10183,조각케잌,조각케잌
10184,흑당콜드브루,흑당콜드브루
10185,스미스블랜드티,스미스블랜드티
10186,케이콤보,케이콤보
10187,돈까스냉모밀,돈까스냉모밀
10188,황제갈비살,황제갈비살
10189,라이스페이퍼,페이퍼
10190,한우주문시소고기무한리필변경시,무한리필변경시
10191,세트메누,메누
10192,일본식돈까스,일본식돈까스
10193,일본식돈까스정식,일본식돈까스정식
10194,쑝쑝돈까스,쑝쑝돈까스
10195,쑝쑝돈까스정식,쑝쑝돈까스정식
10196,하와이돈까스,하와이돈까스
10197,명품목살대패,명품목살대패
10198,고사리추가,고사리추가
10199,김치치즈라이스크로캣,크로캣
10200,팹시,팹시
10201,미린다,미린다
10202,쑝쑝카츠,쑝쑝카츠
10203,코돈부르,코돈부르
10204,모둠카츠,모둠카츠
10205,쑝쑝카츠정식,쑝쑝카츠정식
10206,재주생오겹살,재주생오겹살
10207,뚠뚠껍데기,뚠뚠껍데기
10208,커리기본메뉴변경,커리기본메뉴변경
10209,돈까스장추가,돈까스장추가
10210,추어튀김,추어튀김
10211,포장시메뉴당,포장시메뉴당
10212,전통음료,전통음료
10213,샤브추가,샤브추가
10214,매운맛전복,매운맛전복
10215,와규등심추가,등심추가
10216,고인물스테키,고인물스테키
10217,통삼겹스테끼,통삼겹스테끼
10218,닭고기양송이진밥,진밥
10219,등목살,등목살
10220,으뜸한판,으뜸한판
10221,마늘똥집변경,똥집변경
10222,쌀통닭순살,쌀통닭순살
10223,쌀통닭반반,쌀통닭반반
10224,후라이드반마리추가,후라이드반마리추가
10225,주방장특선,주방장특선
10226,능어,능어
10227,전복회코스,전복회코스
10228,메로턱살,메로턱살
10229,시메사바,시메사바
10230,본비트동치미,동치미
10231,조개한접시,조개한접시
10232,안심추리,안심추리
10233,보리토장찌개,토장찌개
10234,추가반접시,추가반접시
10235,숙성항정살,숙성항정살
10236,흑임자죽,흑임자죽
10237,한우업진살,한우업진살
10238,명이나물추가,명이나물추가
10239,흰죽,흰죽
10240,우룡해삼,우룡해삼
10241,윙봉감튀,윙봉감튀
10242,베짱이돈까스,베짱이돈까스
10243,아이스바이윈저,바이윈저
10244,아이스샷,아이스샷
10245,피쉬볼추가,피쉬볼추가
10246,파나마게이샤에스메랄다,마게이샤에스메랄다
10247,한우육전,한우육전
10248,한우모둠스페셜,한우모둠스페셜
10249,찬음료,찬음료
10250,드립,드립
10251,슈하스코,슈하스코
10252,어린이요금슈하스코,어린이요금슈하스코
10253,까이삐리냐,까이삐리냐
10254,과라냐,과라냐
10255,한우특수부위,한우특수부위
10256,한우생등심,한우생등심
10257,마쥬스,마쥬스
10258,몬테스알파까쇼,몬테스알파까쇼
10259,몬테스알파멜롯,몬테스알파멜롯
10260,카르멘까쇼,카르멘까쇼
10261,카르멘멜롯,카르멘멜롯
10262,산타캐롤리나까쇼,산타캐롤리나까쇼
10263,노블매독,노블매독
10264,한우생갈비,한우생갈비
10265,홍초,홍초
10266,에비앙,에비앙
10267,진짜배즙,진짜배즙
10268,한우야채진밥,한우야채진밥
10269,동태탕인,탕인
10270,소보루빵,소보루빵
10271,신짬봉죽,신짬봉죽
10272,핏파오탈레,핏파오탈레
10273,팟시유,팟시유
10274,꿰띠여우똠얌,꿰띠여우똠얌
10275,꿰띠여우느어,꿰띠여우느어
10276,똠얌꿍,똠얌꿍
10277,꿍텃,꿍텃
10278,팟탈레,팟탈레
10279,무텃,무텃
10280,얌운센,얌운센
10281,라제비,라제비
10282,쏨땀무,쏨땀무
10283,남똑무,남똑무
10284,뿌팟퐁커리,뿌팟퐁커리
10285,까이팟멧마무엉,까이팟멧마무엉
10286,땡모반,땡모반
10287,타이티,타이티
10288,창,창
10289,싱하,싱하
10290,가로막살,가로막살
10291,사르도네비오니에,사르도네비오니에
10292,엘레베사라그르나슈,엘레베사라그르나슈
10293,안동갈비,안동갈비
10294,소라타코와사비,소라타코와사비
10295,안키모,안키모
10296,테라맥주,테라맥주
10297,삿포로생맥주,삿포로생맥주
10298,카파오무쌉,카파오무쌉
10299,카오팟사팔롯,카오팟사팔롯
10300,쟁반막국수,쟁반막국수
10301,카우팟뿌,카우팟뿌
10302,청양순살텐더,청양순살텐더
10303,오덕돈까스,오덕돈까스
10304,일본카레돈까스,일본카레돈까스
10305,매운카레돈까스,매운카레돈까스
10306,무한리필탄산,무한리필탄산
10307,생선구이모둠,구이모둠
10308,냉판모밀,냉판모밀
10309,전메뉴공기밥별도,전메뉴공기밥별도
10310,소꼬치,소꼬치
10311,마라쇼롱사,쇼롱사
10312,슈프림돈까스,슈프림돈까스
10313,한우생등심오리지널컷,컷
10314,한우대패등심,한우대패등심
10315,대도한우함박정식,대도한우함박정식
10316,해운대수제맥주,해운대수제맥주
10317,생와사비한뿌리,생와사비한뿌리
10318,통후추튀김,통후추튀김
10319,동백통닭,동백통닭
10320,모둠해산물튀김메뉴,모둠해산물튀김메뉴
10321,바삭한황태포,한황태포
10322,맥스생맥주,맥스생맥주
10323,밀러생맥주,밀러생맥주
10324,빅토리앳씨,빅토리앳씨
10325,카우팟꿍,카우팟꿍
10326,카우팟느어,카우팟느어
10327,잔술,잔술
10328,팩사케,팩사케
10329,병사케,병사케
10330,고급사케,고급사케
10331,봉너겟모둠,봉너겟모둠
10332,매콤순살똥집,순살똥집
10333,궁물봉떡이,궁물봉떡이
10334,생탁막걸리,생탁막걸리
10335,튀김쥐포,튀김쥐포
10336,봉구소떡,봉구소떡
10337,오바디튀김,오바디튀김
10338,오뎅끼데스까,오뎅끼데스까
10339,게새튀김,게새튀김
10340,빠다찡포,빠다찡포
10341,봉구먹태,봉구먹태
10342,빠삭태,빠삭태
10343,후르츠돌라,돌라
10344,퍼푸치노,퍼푸치노
10345,선지국추가리필,국추가리필
10346,코젤흑생맥주,코젤흑생맥주
10347,코젤페일라거생맥주,코젤페일라거생맥주
10348,코젤깔루아,코젤깔루아
10349,스파이시걸스,걸스
10350,씨즐링윙콤보,씨즐링윙콤보
10351,가정식백반,가정식백반
10352,양밥인이상주문,양밥인이상주문
10353,똥집추가주문,똥집추가주문
10354,제주오겹살큰판,오겹살큰판
10355,제주목살큰판,목살큰판
10356,구운쥐포모둠,구운쥐포모둠
10357,구운쥐포,구운쥐포
10358,빨간통닭,빨간통닭
10359,풀드포크슬라이더,풀드포크슬라이더
10360,된장찌게김치찌게김,찌게김
10361,코젤페일,코젤페일
10362,맥스,맥스
10363,야관문,야관문
10364,필스너,필스너
10365,모소리살,모소리살
10366,킬케니,킬케니
10367,앵그리오차드,앵그리오차드
10368,써머스비,써머스비
10369,홉하우스,홉하우스
10370,와일드푸룻,와일드푸룻
10371,위스키잔,위스키잔
10372,아빠통닭,아빠통닭
10373,비비큐립스,비비큐립스
10374,클램차우더,클램차우더
10375,구운아스파라거스,구운아스파라거스
10376,안심카르파치오,안심카르파치오
10377,꼬냑잔,꼬냑잔
10378,동백조식,동백조식
10379,수제생돈까스,수제생돈까스
10380,기린프로즌나마,기린프로즌나마
10381,동백커리,동백커리
10382,모둠해산물플레이트,모둠해산물플레이트
10383,봉구하이볼,봉구하이볼
10384,생수,생수
10385,양배추,양배추
10386,정식돈까스,정식돈까스
10387,꼬치물떡,꼬치물떡
10388,일인코스요리,일인코스요리
10389,단체예약,단체예약
10390,국내산돼지생목살,국내산돼지생목살
10391,엑스레이티드밤,엑스레이티드밤
10392,핫스페셜,핫스페셜
10393,핫식스,핫식스
10394,버니니벨라,버니니벨라
10395,블루넌,넌
10396,후세쿠엘보,후세쿠엘보
10397,예거,예거
10398,글랜피딕,글랜피딕
10399,해네시,해네시
10400,라이브,라이브
10401,대게코스,대게코스
10402,핫윙봉,핫윙봉
10403,메로조림,메로조림
10404,세꼬치회,세꼬치회
10405,고급회코스,고급회코스
10406,도다리포회,포회
10407,꼬막전,꼬막전
10408,느린마을막걸리,느린마을막걸리
10409,지평생막걸리,지평생막걸리
10410,닭발똥집튀김,닭발똥집튀김
10411,어린이요금,어린이요금
10412,한우추가,한우추가
10413,갓지은밥,갓지은밥
10414,한돈뒷통구이,한돈뒷통구이
10415,카아라게카레,카아라게카레
10416,얼큰이오뎅탕,이오뎅탕
10417,수제왕곱배기,수제왕곱배기
10418,과치종,과치종
10419,수제왕돈까스,수제왕돈까스
10420,파채무뼈닭발,파채무뼈닭발
10421,가파사키,가파사키
10422,데리윙,데리윙
10423,데리빅,데리빅
10424,라스크,라스크
10425,쌀밥,쌀밥
10426,고등어한쪽,고등어한쪽
10427,아구튀김,아구튀김
10428,전복가리비구이,전복가리비구이
10429,새우후라이카레,후라이카레
10430,오단조개찜,오단조개찜
10431,대나무숲,대나무숲
10432,무한,무한
10433,자쿠미야비노토모쥰마이다이긴조나카도리,다이긴조나카도리
10434,유키노비진,유키노비진
10435,준마이긴죠레이로,긴죠레이로
10436,우라가산류고우카,우라가산류고우카
10437,에비스,에비스
10438,핫빅,핫빅
10439,돈카츠카레,돈카츠카레
10440,함박카레,함박카레
10441,물비빔당면,물비빔당면
10442,코스자연산,코스자연산
10443,차슈벤또,차슈벤또
10444,백화수복,백화수복
10445,줄돔쥐치,줄돔쥐치
10446,불갈비꼬지,불갈비꼬지
10447,마비데리야끼,마비데리야끼
10448,호코스,호코스
10449,짭짤순살이,짭짤순살이
10450,마음의준비,마음의준비
10451,양코스,양코스
10452,유아,유아
10453,세트매뉴,매뉴
10454,조식뷔페,조식뷔페
10455,진코스,진코스
10456,산타캐롤리나메를로,산타캐롤리나메를로
10457,이도,이도
10458,진양호코스,진양호코스
10459,노르베지안,노르베지안
10460,푸아그라에스칼럽,푸아그라에스칼럽
10461,해운대해산물쁠라또,해운대해산물쁠라또
10462,드마히니만의오늘의특별한쁠라,특별한쁠라
10463,더운야채를곁들인오늘의호띠,호띠
10464,뿔레호티,뿔레호티
10465,방어회,방어회
10466,더운야채꼬꼬뜨,더운야채꼬꼬뜨
10467,모듬사시미벤또,사시미벤또
10468,치킨카라아게벤또,카라아게벤또
10469,각부위별,각부위별
10470,생가브리살,생가브리살
10471,따로돼지,따로돼지
10472,파파스윙,파파스윙
10473,맵고달고피자,맵고달고피자
10474,신세개,신세개
10475,신세개피자,신세개피자
10476,울트라콤비네이션,울트라콤비네이션
10477,퐁듀눈꽃치즈피자,퐁듀눈꽃치즈피자
10478,달피자,달피자
10479,퐁듀불금피자,퐁듀불금피자
10480,특코스자연산,특코스자연산
10481,파스트라미피자,파스트라미피자
10482,대교스페샬,대교스페샬
10483,베이컨체다피자,베이컨체다피자
10484,수퍼수프림피자,수퍼수프림피자
10485,흑당버블라떼,흑당버블라떼
10486,파파코울슬로,파파코울슬로
10487,인도네시아만델링,인도네시아만델링
10488,브라질산토스,산토스
10489,혼족,혼족
10490,혼바족,혼바족
10491,혼불족,혼불족
10492,따로섞어,따로섞어
10493,가든스페셜,가든스페셜
10494,슈림프알프레도,알프레도
10495,더블치즈버거,더블치즈버거
10496,따로내장,따로내장
10497,존스페이버릿,존스페이버릿
10498,황제갈비살주물럭,황제갈비살주물럭
10499,비취교자,비취교자
10500,대게추가,대게추가
10501,비칼,비칼
10502,냉칼,냉칼
10503,미꾸라지튀김,미꾸라지튀김
10504,싸이플렉스버거,싸이플렉스버거
10505,언빌리버블버거,언빌리버블버거
10506,인크레더블버거,인크레더블버거
10507,딥치즈버거,딥치즈버거
10508,새우불고기버거,새우불고기버거
10509,코울슬로,코울슬로
10510,히레카츠,히레카츠
10511,히레정식,히레정식
10512,베이직돈카츠,베이직돈카츠
10513,베이직도꼬정식,베이직도꼬정식
10514,양푼이매운갈비,양푼이매운갈비
10515,하야시카츠,하야시카츠
10516,하야시카라아게,하야시카라아게
10517,양념막갈비,막갈비
10518,산가리아라무네,산가리아라무네
10519,기린이치방,기린이치방
10520,카츠카레,카츠카레
10521,후추돈카츠,후추돈카츠
10522,후추정식,후추정식
10523,활전복내장죽,활전복내장죽
10524,돌새전장정식,돌새전장정식
10525,모둠돌새전장,모둠돌새전장
10526,맛보기전복장,맛보기전복장
10527,콩칼,콩칼
10528,왕칼,왕칼
10529,참모님전,참모님전
10530,아이스루비자몽,루비자몽
10531,숯불구이무한리필,숯불구이무한리필
10532,쭈꾸미구이한접시,쭈꾸미구이한접시
10533,어린이사리,어린이사리
10534,어린이온사리,어린이온사리
10535,매운비비무동,매운비비무동
10536,숯불돼지갈비무한리필,숯불돼지갈비무한리필
10537,돼지갈비정식,돼지갈비정식
10538,오리로스판,오리로스판
10539,헤물벡숙,헤물벡숙
10540,명품목살,명품목살
10541,숙성황제살,숙성황제살
10542,숯불상차림,숯불상차림
10543,심겹묵은지,심겹묵은지
10544,기모야끼,기모야끼
10545,히레야끼,히레야끼
10546,도쿠리냉,도쿠리냉
10547,도쿠리온,도쿠리온
10548,나마죠죠,나마죠죠
10549,철판쭈꾸미포장,철판쭈꾸미포장
10550,테두리고구마오리지날게살몽땅,게살몽땅
10551,테두리고구마새우몽땅,몽땅
10552,철판쭈구미,철판쭈구미
10553,철판쭈꾸미,철판쭈꾸미
10554,샷추가시,샷추가시
10555,젤라또변경가능,변경가능
10556,볼락튀김,볼락튀김
10557,자연송이굴죽,자연송이굴죽
10558,비빔모밀,비빔모밀
10559,한마리크리스피,한마리크리스피
10560,새송이삼겹파구이,새송이삼겹파구이
10561,통삼겹구이,통삼겹구이
10562,혼마구로뱃살,혼마구로뱃살
10563,닭개장,닭개장
10564,치즈떡삼겹말이,떡삼겹말이
10565,소떡구이,소떡구이
10566,수제쯔꾸네,수제쯔꾸네
10567,항정살구이,항정살구이
10568,바삭이쥐포,이쥐포
10569,능이주,능이주
10570,능이전,능이전
10571,오크라,오크라
10572,새송이,새송이
10573,연근,연근
10574,닭꼬치후라이,닭꼬치후라이
10575,매운닭꼬치후라이,매운닭꼬치후라이
10576,능이무침,능이무침
10577,전복사시미,전복사시미
10578,미포스페셜,미포스페셜
10579,싱싱활어회,싱싱활어회
10580,대호한판,대호한판
10581,중간접시,중간접시
10582,큰접시,큰접시
10583,싱싱회정식,싱싱회정식
10584,능이회,능이회
10585,닭껍질구이,닭껍질구이
10586,매운낙지호롱구이,호롱구이
10587,난코츠구이,난코츠구이
10588,올리브슈림프카슈엘라,카슈엘라
10589,돗구리,돗구리
10590,등심주물럭,등심주물럭
10591,참치붉은살,붉은살
10592,붕장어,붕장어
10593,북해도우니,북해도우니
10594,광어지느러미,지느러미
10595,방어뱃살,방어뱃살
10596,활조개살,활조개살
10597,후토마키,후토마키
10598,안창살,안창살
10599,드라큘라킬러,드라큘라킬러
10600,스팀드머슬,드머슬
10601,닭다리살파구이,살파구이
10602,전복삼합,전복삼합
10603,철판두루치기,철판두루치기
10604,집게게살,집게게살
10605,아스파라거스,아스파라거스
10606,닭안심,닭안심
10607,혼마구로특,혼마구로특
10608,근위구이,근위구이
10609,새송이통구이,새송이통구이
10610,돼지껍질구이,돼지껍질구이
10611,목살떡구이,목살떡구이
10612,닭다리살떡구이,살떡구이
10613,모밀소바,모밀소바
10614,비엘티,비엘티
10615,슈바인학센,슈바인학센
10616,짜죠,짜죠
10617,양고기정식,양고기정식
10618,한우치마살,한우치마살
10619,한우등심구이,한우등심구이
10620,야채단품추가,야채단품추가
10621,자리돔,자리돔
10622,파돈까스,파돈까스
10623,분모자,분모자
10624,넓은당면,넓은당면
10625,푸주,푸주
10626,자연산전복,자연산전복
10627,게맛살,게맛살
10628,마오타이,마오타이
10629,오량액,오량액
10630,술귀신,술귀신
10631,금문고량주,금문고량주
10632,제갈량,제갈량
10633,양하대곡,양하대곡
10634,경주,경주
10635,연태주,연태주
10636,금화고량주,금화고량주
10637,수성빼갈,수성빼갈
10638,연태랑,연태랑
10639,복분자주,복분자주
10640,북바리,북바리
10641,반쎄오,반쎄오
10642,불이아정식,불이아정식
10643,매운파삼겹철판구이,매운파삼겹철판구이
10644,파삼겹철판구이,파삼겹철판구이
10645,숙성지뚝배기,숙성지뚝배기
10646,공부탕면,공부탕면
10647,탕짜,탕짜
10648,탕볶,탕볶
10649,고기무한리필,고기무한리필
10650,볶짜,볶짜
10651,볶짬,볶짬
10652,메이보요와노츠키,메이보요와노츠키
10653,구보타센쥬,구보타센쥬
10654,닷사이,닷사이
10655,아카부고쿠죠노키레,아카부고쿠죠노키레
10656,퓨어블랙야마모트,야마모트
10657,대나무술,대나무술
10658,한우차돌구이,한우차돌구이
10659,꽃삼겹,꽃삼겹
10660,몬트리올,몬트리올
10661,생로랑,생로랑
10662,숯,숯
10663,상차림비,상차림비
10664,한돈오겹살,한돈오겹살
10665,한우살치살,한우살치살
10666,닭똥집추가,닭똥집추가
10667,산삼주,산삼주
10668,염통구이,염통구이
10669,한우토시살,한우토시살
10670,팃틴투,팃틴투
10671,꼬이꾸온,꼬이꾸온
10672,터키,터키
10673,껌돔,껌돔
10674,추가반마리,추가반마리
10675,생오리차돌구이,생오리차돌구이
10676,오트밀레이즌,오트밀레이즌
10677,물돈,물돈
10678,비돈,비돈
10679,안심돈까스,안심돈까스
10680,비떡,비떡
10681,떡돈,떡돈
10682,떡떡,떡떡
10683,세트메뉴추가,메뉴추가
10684,미쓰홍드래프트,미쓰홍드래프트
10685,바니니리타,바니니리타
10686,아이엔슈테판헤페,아이엔슈테판헤페
10687,필스너우르켈,필스너우르켈
10688,치킨데리야끼,치킨데리야끼
10689,케찹,케찹
10690,빠사싹튀김쥐포,빠사싹튀김쥐포
10691,오븐에구운나표치즈살사,살사
10692,오븐에구운핫윙,오븐에구운핫윙
10693,노가리튀김,노가리튀김
10694,메로,메로
10695,차수,차수
10696,매떡삼겹,매떡삼겹
10697,베지,베지
10698,소시지발사믹피자,발사믹피자
10699,웨지포테이토,웨지포테이토
10700,인모둠,인모둠
10701,삼겹정식,삼겹정식
10702,플레인요거트스무디,플레인요거트스무디
10703,그외메뉴주문시,그외메뉴주문시
10704,퍼가이,퍼가이
10705,퍼가이텁깝,퍼가이텁깝
10706,퍼싸오텁깝,퍼싸오텁깝
10707,껌텁깝,껌텁깝
10708,껌보텁깝,껌보텁깝
10709,비빔야채,비빔야채
10710,구이삯,구이삯
10711,산곰장어와산낙지의만남,의만남
10712,새우경마장가는길,경마장가는길
10713,멸치조림,멸치조림
10714,한우구이,한우구이
10715,풀드포크,풀드포크
10716,떡오뎅,떡오뎅
10717,밥집정식,밥집정식
10718,누텔라크림치즈,누텔라크림치즈
10719,이탈리안비엠티,비엠티
10720,에그마요,에그마요
10721,안서미안창,안서미안창
10722,닭꼬지,닭꼬지
10723,묵은지돈찜,묵은지돈찜
10724,한우갈비,한우갈비
10725,한우한판,한우한판
10726,런치정식,런치정식
10727,능이추가,능이추가
10728,능이닭개장,능이닭개장
10729,금어교,금어교
10730,금랑한상,금랑한상
10731,반반전,반반전
10732,코스전,코스전
10733,제주백돼지한판,백돼지한판
10734,제주백돼지두판,백돼지두판
10735,추가백돼지,추가백돼지
10736,제주흑돼지두판,두판
10737,고급어종,고급어종
10738,아웃닭타워링,아웃닭타워링
10739,대하장정식,대하장정식
10740,시락국인분분량,시락국인분분량
10741,기본상차림,기본상차림
10742,닥터필굿,닥터필굿
10743,사브작,사브작
10744,미쇼,미쇼
10745,듀벨이마쥬,듀벨이마쥬
10746,개항장,개항장
10747,피스메이커,피스메이커
10748,웰치스,웰치스
10749,그롤쉬,그롤쉬
10750,젠틀맨라거,젠틀맨라거
10751,린데만스,린데만스
10752,자몽인더스카이,인더스카이
10753,밀키스,밀키스
10754,과일향소주,향소주
10755,자몽샐러트,샐러트
10756,화전복,화전복
10757,동태포전,포전
10758,칠면조훈제구이,칠면조훈제구이
10759,노가리구이,노가리구이
10760,동백,동백
10761,돈까스도련님,돈까스도련님
10762,식사류밥으로변경시,식사류밥으로변경시
10763,곱빼기변경시,곱빼기변경시
10764,세트메뉴식사종류곱배기변경가능,경가능
10765,센노유메,센노유메
10766,땡초정구지찌짐,땡초정구지찌짐
10767,원조꼬김,원조꼬김
10768,남부비진긴죠,남부비진긴죠
10769,멸치견과,견과
10770,윤희코스,윤희코스
10771,꿀꿀대패,꿀꿀대패
10772,미스터트리오,미스터트리오
10773,시카고딥,시카고딥
10774,꽥꽥대패,꽥꽥대패
10775,우우대패,우우대패
10776,바다한상,바다한상
10777,광안한상,광안한상
10778,수변한상,수변한상
10779,고른졸라,고른졸라
10780,대게탕,대게탕
10781,레드스캔들,스캔들
10782,연수당오디뽕,연수당오디뽕
10783,호루레기,호루레기
10784,꽈배기개,꽈배기개
10785,따로,따로
10786,덕포코스,덕포코스
10787,베사메나쵸,베사메나쵸
10788,달라멜카베르네쇼비뇽,달라멜카베르네쇼비뇽
10789,반슈잇콘준마이초카라구치,초카라구치
10790,순살후라이드,순살후라이드
10791,오리온생맥주,오리온생맥주
10792,산토리카쿠빈하이볼,산토리카쿠빈하이볼
10793,양고기꼬치,양고기꼬치
10794,비빔맬면,비빔맬면
10795,마라샹궈,샹궈
10796,양조우챠우판,양조우챠우판
10797,안심알리오올리오,안심알리오올리오
10798,복피,복피
10799,참복회코스요리,참복회코스요리
10800,매생이복국,매생이복국
10801,쑥복국,쑥복국
10802,복마리정식,복마리정식
10803,복깐풍정식,복깐풍정식
10804,복강정정식,복강정정식
10805,복탕수정식,복탕수정식
10806,튀김마리추가,튀김마리추가
10807,복피무침,복피무침
10808,휘레주,휘레주
10809,대게찜,대게찜
10810,킹크랩찜,킹크랩찜
10811,가재회,가재회
10812,인용,인용
10813,랍스타버터칠리구이변경가능,구이변경가능
10814,가니죠스이,가니죠스이
10815,무기시루,무기시루
10816,아카엔마,아카엔마
10817,뵈브클리코엘로우라벨,뵈브클리코엘로우라벨
10818,파시스불독,파시스불독
10819,비고르,비고르
10820,비냐에기야크리안자,비냐에기야크리안자
10821,얄리레세르바피노누아,얄리레세르바피노누아
10822,원산지,원산지
10823,달라멜샤도네이,달라멜샤도네이
10824,칠렌시스샤도네이,칠렌시스샤도네이
10825,코알라렌치샤도네이,코알라렌치샤도네이
10826,꽁까도로프로세코뀌베,로세코뀌베
10827,럭스브륏,럭스브륏
10828,산테로스푸만떼,산테로스푸만떼
10829,몽키숄더,숄더
10830,사쯔마시마비진,사쯔마시마비진
10831,글렌리벳,글렌리벳
10832,맥켈란,맥켈란
10833,뒷고기,뒷고기
10834,장꼼이,장꼼이
10835,고봉,고봉
10836,소주맥주청하,소주맥주청하
10837,고봉꼬꼬면,고봉꼬꼬면
10838,숫불삼결삽,숫불삼결삽
10839,숯불닭발,숯불닭발
10840,더롱리틀독루즈,더롱리틀독루즈
10841,나나쿠보,나나쿠보
10842,새치고기고기,새치고기고기
10843,진달래,달래
10844,소한근,소한근
10845,조선수제소갈비,조선수제소갈비
10846,감바스알하이요,알하이요
10847,대박점보면,대박점보면
10848,광어연아사시미,연아사시미
10849,감바스시즐링,시즐링
10850,항정살미소야끼,항정살미소야끼
10851,짜짱밥,짜짱밥
10852,엘레베까리냥,엘레베까리냥
10853,디킨쉬라즈,디킨쉬라즈
10854,마,마
10855,에프터,에프터
10856,우라가스미젠,우라가스미젠
10857,카모시비토쿠헤이지오두디지,두디지
10858,미더덕회,미더덕회
10859,청게,청게
10860,부케,부케
10861,금계국,금계국
10862,아마란스,아마란스
10863,새조개쭈꾸미,새조개쭈꾸미
10864,초장값,초장값
10865,차가면,차가면
10866,유부주머니탕,주머니탕
10867,심술,심술
10868,꽃갈비정식,꽃갈비정식
10869,보석살정식,보석살정식
10870,보석살,보석살
10871,카쿠빈,카쿠빈
10872,나쵸살사,나쵸살사
10873,주중런치,주중런치
10874,퍼친,퍼친
10875,한우꽃갈비살,한우꽃갈비살
10876,꽃대패,꽃대패
10877,한우등심대패,한우등심대패
10878,꽃갈비살정식,꽃갈비살정식
10879,꽃소양념갈비살정식,갈비살정식
10880,전복족탕,전복족탕
10881,돈육전,돈육전
10882,주말,주말
10883,주중디너,주중디너
10884,레몬그라스폭립,그라스폭립
10885,코코넛홍소삼겹,홍소삼겹
10886,퍼포스페셜,퍼포스페셜
10887,고둥삼합,고둥삼합
10888,분하이산,분하이산
10889,분팃느엉,분팃느엉
10890,껌숭,껌숭
10891,주중런치돌솥밥특선,밥특선
10892,빨간조개찜,빨간조개찜
10893,조개한소쿠리,조개한소쿠리
10894,가리비한소쿠리,가리비한소쿠리
10895,전복한마리,전복한마리
10896,곤이추가,곤이추가
10897,꽃게추가,꽃게추가
10898,석화한조각,석화한조각
10899,안창꽃살,안창꽃살
10900,호래기회,호래기회
10901,돼지한근,돼지한근
10902,한돈뼈삼겹,한돈뼈삼겹
10903,리플잼,리플잼
10904,알뜰코스,알뜰코스
10905,숏카페라떼,숏카페라떼
10906,스페니쉬연유카페라떼,스페니쉬연유카페라떼
10907,아이스크림카페라떼,아이스크림카페라떼
10908,크림카라멜,크림카라멜
10909,제주유기농녹차,제주유기농녹차
10910,애플민트티,애플민트티
10911,딜라이트펌킨슈페너,펌킨슈페너
10912,흑임자카페라떼,흑임자카페라떼
10913,황금바다코스,황금바다코스
10914,모카칩커피프라페,모카칩커피프라페
10915,카라멜커피프라페,카라멜커피프라페
10916,제주말차프라페,제주말차프라페
10917,상견례코스,상견례코스
10918,초밥밥알,밥알
10919,쑥캄파뉴,쑥캄파뉴
10920,시오빵,시오빵
10921,모카영양,영양
10922,국진이,국진이
10923,밀봉,밀봉
10924,비지니스코스,비지니스코스
10925,시몬,시몬
10926,굴구이,굴구이
10927,흑돼지깍둑구이,깍둑구이
10928,가족연인코스,가족연인코스
10929,대방어풀코스,대방어풀코스
10930,황금올리브속안심,속안심
10931,산펠레그리노,산펠레그리노
10932,조선콤보,조선콤보
10933,조선메밀국시,조선메밀국시
10934,솜씨보쌈,솜씨보쌈
10935,맛보기보쌈,맛보기보쌈
10936,오이시함바그,시함바그
10937,김치치즈함바그,함바그
10938,두모금생맥주,두모금생맥주
10939,씨벅,씨벅
10940,패티추가,패티추가
10941,소염통,소염통
10942,비프찹스테이크,비프찹스테이크
10943,칵테일비어,칵테일비어
10944,자색고구마라떼,자색고구마라떼
10945,아페롤스프리츠,리츠
10946,발레벨로브라케토다끼,발레벨로브라케토다끼
10947,레오나르드커리쉬슈페트레제,트레제
10948,발레벨보핑크모스까또스푸만테,모스까또스푸만테
10949,칼디롤라아만떼,칼디롤라아만떼
10950,레알꼼빠니아드비노스뗌쁘라니요,뗌쁘라니요
10951,닭껍데기,닭껍데기
10952,우마니론끼비고르,우마니론끼비고르
10953,베이비립,베이비립
10954,초이스필라프,초이스필라프
10955,소고기찹선택시,찹선택시
10956,후르츠팬케잌,팬케잌
10957,랍상소총,랍상소총
10958,시원황도,시원황도
10959,제주돈목살,돈목살
10960,제주흑돈오겹살,흑돈오겹살
10961,연잎오리쌈밥,연잎오리쌈밥
10962,연잎제육쌈밥,연잎제육쌈밥
10963,가시오가피주,가시오가피주
10964,산중애,산중애
10965,전두부편육보쌈,편육보쌈
10966,곤드레막걸리,곤드레막걸리
10967,기본한상,기본한상
10968,오징어볶음기한상,기한상
10969,뿌리고뿌리고,뿌리고뿌리고
10970,멕시윙핀듀오,멕시윙핀듀오
10971,한우생막창,한우생막창
10972,사이다콜라,사이다콜라
10973,연수당복분자,연수당복분자
10974,천엽,천엽
10975,추낙탕,추낙탕
10976,통추낙탕,통추낙탕
10977,통다슬기탕,통다슬기탕
10978,유명돼지갈비,유명돼지갈비
10979,유명스페셜메뉴,유명스페셜메뉴
10980,큰형,큰형
10981,막내,막내
10982,산대하,산대하
10983,골목백반정식,골목백반정식
10984,아이스메뉴로변경시,메뉴로변경시
10985,제주흑돈항정살,흑돈항정살
10986,제주돈오겹살,돈오겹살
10987,흥부포테이토피자,흥부포테이토피자
10988,제주흑돈비전살,흑돈비전살
10989,칠리불갈비피자,칠리불갈비피자
10990,리치고구마치킨피자,리치고구마치킨피자
10991,해쉬베이컨피자,해쉬베이컨피자
10992,치킨할라피뇨피자,치킨할라피뇨피자
10993,스피라이트,스피라이트
10994,치킨오븐텐더,오븐텐더
10995,불맛무뼈닭발,불맛무뼈닭발
10996,볶음류사리추가,류사리추가
10997,날개봉튀김,봉튀김
10998,털게,털게
10999,신세계철판돈까스,신세계철판돈까스
11000,파파돈까스,파파돈까스
11001,숯불부타돈부리,숯불부타돈부리
11002,카기아게소바,카기아게소바
11003,일타통닭,일타통닭
11004,아무거나튀김,아무거나튀김
11005,숙성특수안창,숙성특수안창
11006,매운등갈비,매운등갈비
11007,항정껍데기,항정껍데기
11008,실장스페셜,실장스페셜
11009,준마이탄데이,탄데이
11010,초등학생인,초등학생인
11011,수비드포크도시락,포크도시락
11012,카스맥주,카스맥주
11013,원포크플래터,원포크플래터
11014,카페오르조,카페오르조
11015,꿀과실차,꿀과실차
11016,그린티도피오라떼,그린티도피오라떼
11017,초코바나나라떼,초코바나나라떼
11018,화끈두루치기,화끈두루치기
11019,화끈제대로두루치기,화끈제대로두루치기
11020,돼지부속,돼지부속
11021,돼지벌집껍데기,돼지벌집껍데기
11022,진흙황토오리구이,진흙황토오리구이
11023,소도사시미,소도사시미
11024,월코스,월코스
11025,김치햄도시락,햄도시락
11026,왕등심돈까스,왕등심돈까스
11027,유동,유동
11028,인도네시아만데린,인도네시아만데린
11029,일코스,일코스
11030,슈퍼슈프림,슈퍼슈프림
11031,곰치국,곰치국
11032,도치,도치
11033,세꼬시막회,세꼬시막회
11034,새치,새치
11035,도루묵,도루묵
11036,김치만둣국,둣국
11037,꼬막찜,꼬막찜
11038,양미리구이,양미리구이
11039,도루묵찜,도루묵찜
11040,도루묵구이,도루묵구이
11041,오징어회통찜,회통찜
11042,전복삼계죽,전복삼계죽
11043,제대로두루치기,제대로두루치기
11044,갈비살오리코스구이,갈비살오리코스구이
11045,호박영양밥오리구이,영양밥오리구이
11046,양념수제소갈비,수제소갈비
11047,한우모둠구이,한우모둠구이
11048,칼만둣국,칼만둣국
11049,함지박육계장,함지박육계장
11050,치맛살,치맛살
11051,안창,안창
11052,신주류,신주류
11053,한우꽃등심,한우꽃등심
11054,비타민차,비타민차
11055,오디랑,오디랑
11056,묵은지사리,묵은지사리
11057,돼지참갈비,돼지참갈비
11058,돼지수제갈비,돼지수제갈비
11059,안주류고기추가,안주류고기추가
11060,옥돔정식,옥돔정식
11061,본가참갈비점심특선,본가참갈비점심특선
11062,콩물,콩물
11063,추어매운튀김,추어매운튀김
11064,오리로스주물럭,오리로스주물럭
11065,보신무침,보신무침
11066,흑염소,흑염소
11067,양양탕,양양탕
11068,치악산생막걸리,치악산생막걸리
11069,한돈꽃목심살,한돈꽃목심살
11070,한돈갈비,한돈갈비
11071,와이키키피자,와이키키피자
11072,홍대피자,홍대피자
11073,반찬돈까스도련님,반찬돈까스도련님
11074,스바라시,스바라시
11075,아마구치,아마구치
11076,메로추가시,메로추가시
11077,코다리정식평일점심특선,정식평일점심특선
11078,코다리갈비조림,갈비조림
11079,코다리묵은지조림,묵은지조림
11080,닭도티탕,닭도티탕
11081,초벌갈비,초벌갈비
11082,초벌돼지갈비,초벌돼지갈비
11083,초벌무뼈갈비,초벌무뼈갈비
11084,초벌목살구이,초벌목살구이
11085,차돌골뱅이,차돌골뱅이
11086,활아구찜,활아구찜
11087,하노이분보남보,하노이분보남보
11088,푸팟퐁커리,푸팟퐁커리
11089,똠얌도리탕,똠얌도리탕
11090,베이비크랩튀김매운맛,베이비크랩튀김매운맛
11091,노상칠리꼬꼬뱅,꼬꼬뱅
11092,넵머이,넵머이
11093,꽃게튀김,꽃게튀김
11094,쏸라펀,쏸라펀
11095,꽃게한상,꽃게한상
11096,핫쵸킹,핫쵸킹
11097,어린이돈까스,어린이돈까스
11098,석갈비한상차림,석갈비한상차림
11099,무뼈직화구이닭발,무뼈직화구이닭발
11100,하나기자쿠라,하나기자쿠라
11101,오야붕,오야붕
11102,체다골드포테이토피자,체다골드포테이토피자
11103,간빠이,간빠이
11104,된장찌개돼지본갈비우렁이강된장,강된장
11105,곤드레추가,곤드레추가
11106,주인장맘대로인,주인장맘대로인
11107,안동찜닭,안동찜닭
11108,수제홍삼차,수제홍삼차
11109,치즈찰볼,찰볼
11110,우짜면,우짜면
11111,차숙이삼합,차숙이삼합
11112,차숙이,차숙이
11113,시원한생탁,시원한생탁
11114,진로이즈백,진로이즈백
11115,찡따로,찡따로
11116,스페셜튀김,스페셜튀김
11117,아귀살포,살포
11118,고구마고로켓,고로켓
11119,속초명태초무침,속초명태초무침
11120,삽겹살,삽겹살
11121,우렁고동무침,고동무침
11122,능이토종닭,능이토종닭
11123,매콤오돌뼈꼬마,오돌뼈꼬마
11124,레쓰비,레쓰비
11125,상어가족,상어가족
11126,칸타타,칸타타
11127,또봉이통닭,또봉이통닭
11128,명태탕,명태탕
11129,통뼈직화구이닭발,통뼈직화구이닭발
11130,각종사리택,각종사리택
11131,이탈리안살시챠,살시챠
11132,수육과무침,과무침
11133,쫄쫄이떡,쫄쫄이떡
11134,사리추가주문,사리추가주문
11135,신전,신전
11136,제주특산수제하귤,특산수제하귤
11137,수제백향과차,수제백향과차
11138,낙새찜,낙새찜
11139,바베큐폴드포크,폴드포크
11140,쌀호두과자,호두과자
11141,쌀호두과자선물,선물
11142,쌀옥수수콘치즈빵개,빵개
11143,수제식해,수제식해
11144,원양꼬치줄,원양꼬치줄
11145,바베큐양꼬치줄,양꼬치줄
11146,화룡꿔바로우,화룡꿔바로우
11147,마라룽샤,룽샤
11148,스페셜롱샤,스페셜롱샤
11149,삼선롱샤탕,롱샤탕
11150,삼선롱샤면,롱샤면
11151,즈마장,즈마장
11152,화이다,화이다
11153,샘스테이크피자,샘스테이크피자
11154,깐쇼불갈비피자,깐쇼불갈비피자
11155,칠리새우피자,칠리새우피자
11156,번가스페셜피자,번가스페셜피자
11157,놀부단호박피자,놀부단호박피자
11158,똥집집레디핫,똥집집레디핫
11159,깡정,깡정
11160,윙봉파닭,윙봉파닭
11161,진로씨,진로씨
11162,황제비,황제비
11163,꼬비,꼬비
11164,육비,육비
11165,곰포냄비닭발,곰포냄비닭발
11166,한판플레이트,한판플레이트
11167,우렁이돈까스,이돈까스
11168,우렁이초무침,이초무침
11169,직화구이먹태,직화구이먹태
11170,통노가리,통노가리
11171,왕새우튀김케이준후라이,튀김케이준후라이
11172,기네스드레프트,기네스드레프트
11173,소토닉,소토닉
11174,찐전복,찐전복
11175,꽐라만시,꽐라만시
11176,이슬씨,이슬씨
11177,처음씨,처음씨
11178,카군,카군
11179,하군,하군
11180,테군,테군
11181,청하양,청하양
11182,불낙뚝배기,불낙뚝배기
11183,통영굴뚝배기,통영굴뚝배기
11184,특통영굴뚝배기,특통영굴뚝배기
11185,귤,귤
11186,산양삼주,산양삼주
11187,손옹심이,손옹심이
11188,더블바베큐,더블바베큐
11189,이베리코꽃갈비살,코꽃갈비살
11190,이베리코아바니코,코아바니코
11191,이베리코플루마,코플루마
11192,원주뽕잎밥,원주뽕잎밥
11193,참숯돼지갈비,참숯돼지갈비
11194,찌개추가,찌개추가
11195,떡오뎅만두잡채말이김말이쿨피스,말이김말이쿨피스
11196,카이팔로카우,카이팔로카우
11197,떡오뎅만두잡채말이김말이오징어튀기쿨피스,튀기쿨피스
11198,후양반반,후양반반
11199,약계탕,약계탕
11200,약백숙,약백숙
11201,약옻닭,약옻닭
11202,약능이백숙,약능이백숙
11203,다래순,다래순
11204,취나물,취나물
11205,약옻오리,약옻오리
11206,약오리능이백숙,약오리능이백숙
11207,한방수육산나물밥,산나물밥
11208,망고요구르트,망고요구르트
11209,까이쌉랏카오,까이쌉랏카오
11210,수육야채무침추가,야채무침추가
11211,칠칠골뱅이,칠칠골뱅이
11212,먹태한마리몽땅,먹태한마리몽땅
11213,치즈소양강,소양강
11214,치즈낙동강,낙동강
11215,이베리코항정살,코항정살
11216,일숙성한우꽃등심,일숙성한우꽃등심
11217,양념바사삭치킨데리바사삭치킨바사삭쌀강정,바사삭쌀강정
11218,한우우족탕,한우우족탕
11219,명품한우,명품한우
11220,일품한우,일품한우
11221,돼지한판,돼지한판
11222,한돈생목살,한돈생목살
11223,한우국거리,한우국거리
11224,돌돌이보쌈소,돌돌이보쌈소
11225,돌돌이보쌈중,돌돌이보쌈중
11226,돌돌이보쌈대,돌돌이보쌈대
11227,돌돌이보쌈특대,돌돌이보쌈특대
11228,회보쌈소,회보쌈소
11229,회보쌈중,회보쌈중
11230,회보쌈대,회보쌈대
11231,회보쌈특대,회보쌈특대
11232,소막대창,소막대창
11233,퍼사오,퍼사오
11234,파냉느어,파냉느어
11235,깽키오완까이,깽키오완까이
11236,나시고랭,나시고랭
11237,킹프라운,킹프라운
11238,뼈닭한마리킹윙봉변경,뼈닭한마리킹윙봉변경
11239,마리아쥬프레르,마리아쥬프레르
11240,오렌지썬라이즈,썬라이즈
11241,핸드드립커피케냐에티오피아시다모예가체프과테말라만델링옐로우버번콜롬비,버번콜롬비
11242,핸드드립무한리필,핸드드립무한리필
11243,셀프숯불구이상차림,셀프숯불구이상차림
11244,치즈한강,한강
11245,더치아메이카노,아메이카노
11246,사이다콜라미린다,사이다콜라미린다
11247,더덕쥬스,더덕쥬스
11248,산야초한정식,산야초한정식
11249,강원나물밥정식,강원나물밥정식
11250,원주뽕잎밥정식,원주뽕잎밥정식
11251,원주관찰사밥상,원주관찰사밥상
11252,방사유정란,방사유정란
11253,쏘가리회,쏘가리회
11254,사이드디시,사이드디시
11255,숙주,숙주
11256,면종류곱배기,면종류곱배기
11257,개나리,개나리
11258,진달리,진달리
11259,숯불직화구이,숯불직화구이
11260,강코스,강코스
11261,돈까스도련님고기고기,돈까스도련님고기고기
11262,산코스,산코스
11263,돈치고기고기,돈치고기고기
11264,고기고기,고기고기
11265,튼튼도시락,튼튼도시락
11266,소고기육개장만구매시,만구매시
11267,묵은지김치찌개만구매시,찌개만구매시
11268,참치야채감초고추장,초고추장
11269,땡초까치복,땡초까치복
11270,치즈카레도시락,카레도시락
11271,카레만구매시,카레만구매시
11272,반찬돈까스,반찬돈까스
11273,산나물주먹쌈밥정식,산나물주먹쌈밥정식
11274,실속형보쌈,실속형보쌈
11275,왕몽땅,왕몽땅
11276,통살강정,통살강정
11277,보쌈편육,보쌈편육
11278,칼사리,칼사리
11279,쭈꾸미볶음보쌈편육공기밥,보쌈편육공기밥
11280,육칼면,육칼면
11281,보쌈무침,보쌈무침
11282,양지무침,양지무침
11283,참숯뼈없는닭발,참숯뼈없는닭발
11284,참숯통닭발,참숯통닭발
11285,쏘세지구이,쏘세지구이
11286,아메리카노외각종음료,외각종음료
11287,송어구이,송어구이
11288,양파의청춘,의청춘
11289,쓰리몽땅,쓰리몽땅
11290,메밀동동주,메밀동동주
11291,라임에이다,에이다
11292,금수코스,금수코스
11293,동경롤,동경롤
11294,복쌈막회코스,복쌈막회코스
11295,징기스칸양고기,징기스칸양고기
11296,한산소곡주,한산소곡주
11297,두르뜨뉘메로엥루즈,두르뜨뉘메로엥루즈
11298,조판스끼야끼,조판스끼야끼
11299,와규안심덧살,안심덧살
11300,와규등심꽃살,등심꽃살
11301,가족모둠,가족모둠
11302,꾸웨이띠오똠얌,꾸웨이띠오똠얌
11303,영빈관특밥,영빈관특밥
11304,소내장찌개,소내장찌개
11305,한마리콜라,한마리콜라
11306,원주보쌈,원주보쌈
11307,오리훈제보쌈,오리훈제보쌈
11308,오리고기,오리고기
11309,주엽청주,주엽청주
11310,보쌈굴추가,보쌈굴추가
11311,내장찌개,내장찌개
11312,물비빔곱빼기,물비빔곱빼기
11313,가브리,가브리
11314,매화주,매화주
11315,사천쟁반,사천쟁반
11316,아이스크림나뚜루,나뚜루
11317,군대,군대
11318,묵은지고등어찜,묵은지고등어찜
11319,생굴회,생굴회
11320,야채돌솥빕빔밥,빕빔밥
11321,한우모둠,한우모둠
11322,돼지모둠,돼지모둠
11323,돌삼치,돌삼치
11324,참골뱅이탕,참골뱅이탕
11325,커피더취하면,더취하면
11326,학사셋트,학사셋트
11327,석사셋트,석사셋트
11328,박사셋트,박사셋트
11329,순대취김,취김
11330,추어강정,추어강정
11331,땡초철판쭈꾸미정식,땡초철판쭈꾸미정식
11332,땡초철판쭈삼철판,땡초철판쭈삼철판
11333,순살맛강정,순살맛강정
11334,중국산고량주,중국산고량주
11335,복,복
11336,사천으로변경,사천으로변경
11337,야채도너츠,야채도너츠
11338,각종도너츠,각종도너츠
11339,삼겹무한리필,삼겹무한리필
11340,무한돼지리필,무한돼지리필
11341,팥찐빵,팥찐빵
11342,수제담금차,수제담금차
11343,수제꽃잎차,수제꽃잎차
11344,핫초쿄,핫초쿄
11345,후레쉬크림빵,후레쉬크림빵
11346,카페시트론,시트론
11347,단팥소보로,단팥소보로
11348,밤패스트리,밤패스트리
11349,닭발똥집,닭발똥집
11350,한치쟁반메밀,쟁반메밀
11351,땡초불꽃후라이드,땡초불꽃후라이드
11352,땡초불꽃땡초불꽃,땡초불꽃땡초불꽃
11353,고래탕,고래탕
11354,케냐키마디,키마디
11355,고래두루치기,고래두루치기
11356,콜롬비아산탄더라프라데라따비젖산발효,젖산발효
11357,과테말라로스아구아카토네즈스페셜섹션,페셜섹션
11358,떠치순,떠치순
11359,송어강정,송어강정
11360,포메인쌈,포메인쌈
11361,민들레대포,민들레대포
11362,옻닭토종닭,옻닭토종닭
11363,쭈꾸미정식,쭈꾸미정식
11364,반반특,반반특
11365,특곰방,특곰방
11366,펄쟈스민차,펄쟈스민차
11367,싱글컵,싱글컵
11368,메디오컵,메디오컵
11369,그란데컵,그란데컵
11370,콜롬비아수프레모,레모
11371,코스타리카따라쥬,리카따라쥬
11372,샤카레또,샤카레또
11373,시골통돼지찌개,시골통돼지찌개
11374,홍삼차,홍삼차
11375,로리나,로리나
11376,뽕잎황태밥,뽕잎황태밥
11377,아보카토,아보카토
11378,꾸웨이띠오,꾸웨이띠오
11379,생어거스틴누들,생어거스틴누들
11380,빙수국산팥리필,국산팥리필
11381,퍼보,퍼보
11382,전주불백피자,전주불백피자
11383,웃음꽃피자,웃음꽃피자
11384,미고랭,미고랭
11385,하와이언피자,하와이언피자
11386,서서갈비,서서갈비
11387,라떼티사이즈업,티사이즈업
11388,업주문의,업주문의
11389,뼈특,뼈특
11390,족도리탕,족도리탕
11391,훈제구이,훈제구이
11392,토종닭묵은지,토종닭묵은지
11393,닭안심구이,닭안심구이
11394,땡초불닭,땡초불닭
11395,땡초철판쭈꾸미,땡초철판쭈꾸미
11396,온계탕,온계탕
11397,계촌막걸리,계촌막걸리
11398,소불백,소불백
11399,능이백숙토종닭,능이백숙토종닭
11400,한방누룽지백숙토종닭,백숙토종닭
11401,묵은지등갈비,묵은지등갈비
11402,재첩포장,재첩포장
11403,주물럭쌈밥,주물럭쌈밥
11404,찌개고기,찌개고기
11405,돼기고기,돼기고기
11406,메추리,메추리
11407,필란디아보드카,필란디아보드카
11408,땡촌닭발,땡촌닭발
11409,땡촌무뼈닭발,땡촌무뼈닭발
11410,땡촌매운똥집,땡촌매운똥집
11411,한신닭발,한신닭발
11412,아귀순살튀김,순살튀김
11413,해무람자탕,해무람자탕
11414,호빵,호빵
11415,버팔로윙봉,버팔로윙봉
11416,반반통닭,반반통닭
11417,중앙통닭,중앙통닭
11418,아보크랩샐러디,아보크랩샐러디
11419,그린콥웜볼,콥웜볼
11420,미더덕찜,미더덕찜
11421,마구로,마구로
11422,고기쌈밥,고기쌈밥
11423,꼬지사께오뎅탕매운오뎅탕,뎅탕
11424,꼬지사께먹태,꼬지사께먹태
11425,모둠직화꼬치,모둠직화꼬치
11426,연어인회,인회
11427,닭순살튀김,닭순살튀김
11428,모주한잔,모주한잔
11429,모주한되,모주한되
11430,자연산스페샬,자연산스페샬
11431,애플폭스,폭스
11432,에델바이스생맥주,에델바이스생맥주
11433,놀멍수제흑생맥주,놀멍수제흑생맥주
11434,놀멍치맥,놀멍치맥
11435,숯불무뼈불닭발,숯불무뼈불닭발
11436,닭모래집튀김,닭모래집튀김
11437,치즈크레커,크레커
11438,반건조앵치노가리,반건조앵치노가리
11439,반건조먹태,반건조먹태
11440,회정식특선,회정식특선
11441,아귀탕대,탕대
11442,아귀탕중,탕중
11443,아귀탕소,탕소
11444,회특선,회특선
11445,탄단지샐러디,탄단지샐러디
11446,깐꿔소양,깐꿔소양
11447,핸드릭스진,핸드릭스진
11448,하이트생맥주,하이트생맥주
11449,하쿠시카카로쿠,하쿠시카카로쿠
11450,니혼사카리와가야노카라쿠치,라쿠치
11451,삼겹쌈밥,삼겹쌈밥
11452,보드카토닉,보드카토닉
11453,아그와,아그와
11454,돼지갈비무한리필,돼지갈비무한리필
11455,전주전일갑오통황태,전주전일갑오통황태
11456,청양닭발튀김,청양닭발튀김
11457,후라이드똥집튀김,후라이드똥집튀김
11458,얼린쿨피스,얼린쿨피스
11459,라볶기,라볶기
11460,얼음소바,얼음소바
11461,소고기육개장,소고기육개장
11462,맛있는오뎅,맛있는오뎅
11463,피스타치오아몬드,피스타치오아몬드
11464,박가네빈대떡,박가네빈대떡
11465,어리굴젓추가,어리굴젓추가
11466,복어,복어
11467,모듬건어물,건어물
11468,옛날통닭반마리,통닭반마리
11469,차돌구리,차돌구리
11470,인보쌈,인보쌈
11471,싸움보쌈,싸움보쌈
11472,파이어볼,어볼
11473,등심가스,등심가스
11474,냉메밀,냉메밀
11475,판메밀,판메밀
11476,충만후라이드,충만후라이드
11477,로스가스,로스가스
11478,미라클커피투어체험,투어체험
11479,대패갈비살,대패갈비살
11480,인도몬순말라바,인도몬순말라바
11481,콜롬비아슈프리모,슈프리모
11482,하우스블렌딩,하우스블렌딩
11483,원두호,원두호
11484,드립백호,드립백호
11485,감자샐러드빵,샐러드빵
11486,카사타,카사타
11487,진갈비살,진갈비살
11488,로네펠트티,로네펠트티
11489,생과일주스오몽이,오몽이
11490,요거트젤라또왕스쿱,왕스쿱
11491,딸기레몬에이드,딸기레몬에이드
11492,백반도시락,백반도시락
11493,물반두,물반두
11494,국물닭발닭발,닭발닭발
11495,들깨백숙반마리,백숙반마리
11496,우렁이무침,이무침
11497,소힘줄,소힘줄
11498,소염통줄기,소염통줄기
11499,대패삼겹,대패삼겹
11500,마라샹꿔,샹꿔
11501,쉐이주로우피옌,쉐이주로우피옌
11502,히레가스,히레가스
11503,모둠가스,모둠가스
11504,유린육,유린육
11505,정통돼지갈비,정통돼지갈비
11506,숯불부타동,숯불부타동
11507,커리티꾸닭,커리티꾸닭
11508,아메리캔,아메리캔
11509,유자메리카노,메리카노
11510,아쿠아페어,아쿠아페어
11511,베리붐,붐
11512,베이글칩,베이글칩
11513,뼈찜중,뼈찜중
11514,통먹태,통먹태
11515,후라이드닭똥집,후라이드닭똥집
11516,가족특선,가족특선
11517,횡성더덕추가,횡성더덕추가
11518,튀김직화양념행사,행사
11519,솔반정식,솔반정식
11520,솔반특정식,솔반특정식
11521,솔반스페셜정식,솔반스페셜정식
11522,찹쌀땡그리,땡그리
11523,팥땡그리,팥땡그리
11524,집밥,집밥
11525,날치쌈,날치쌈
11526,마왕보쌈구이,마왕보쌈구이
11527,마왕불보쌈,마왕불보쌈
11528,미니족구이불족변경,족구이불족변경
11529,튀김궁중,튀김궁중
11530,추토마끼,추토마끼
11531,일품,일품
11532,걍밥,걍밥
11533,롱닭꼬치,롱닭꼬치
11534,텃밭브런치,텃밭브런치
11535,텃밭밥상,텃밭밥상
11536,할멈정식,할멈정식
11537,직화모둠꼬치,직화모둠꼬치
11538,갈비닭꼬치,갈비닭꼬치
11539,닭염통꼬치,닭염통꼬치
11540,팽이버섯삼겹말이꼬치,삼겹말이꼬치
11541,닭껍데기꼬치,닭껍데기꼬치
11542,통닭꼬치,통닭꼬치
11543,시샤모꼬치,시샤모꼬치
11544,모둠튀김꼬치,모둠튀김꼬치
11545,캡틴모건,캡틴모건
11546,닭껍데기튀김꼬치,닭껍데기튀김꼬치
11547,규카츠꼬치,규카츠꼬치
11548,염통튀김꼬치,염통튀김꼬치
11549,팽이삼겹튀김꼬치,팽이삼겹튀김꼬치
11550,마시츄규카츠,마시츄규카츠
11551,가츠오오뎅탕,가츠오오뎅탕
11552,꼬지사께오뎅탕,꼬지사께오뎅탕
11553,돈코츠오뎅탕,돈코츠오뎅탕
11554,중화부대탕,중화부대탕
11555,왕쥐포,왕쥐포
11556,먹태한마리,먹태한마리
11557,메키메키,메키메키
11558,준마이쿠시,쿠시
11559,짐빔,짐빔
11560,쭈불철판,쭈불철판
11561,미니먹,먹
11562,볼빨간맵닭,볼빨간맵닭
11563,닭국,닭국
11564,한우정식,한우정식
11565,들꽃정식,들꽃정식
11566,슈페리어,슈페리어
11567,매콤단호박명갈비,명갈비
11568,매콤명문조림,명문조림
11569,발베니,발베니
11570,발렌타인,발렌타인
11571,맥캘란,맥캘란
11572,한돈목살,한돈목살
11573,목우촌파닭,목우촌파닭
11574,김소떡,김소떡
11575,미니쫄,쫄
11576,글렌모렌지,글렌모렌지
11577,볼빨간맵닭파채추가,볼빨간맵닭파채추가
11578,사리추자,사리추자
11579,글렌피딕,글렌피딕
11580,치즈얹음,얹음
11581,어죽민물자연산,민물자연산
11582,헤네시,헤네시
11583,감자전은노릇노릇,은노릇노릇
11584,레미마틴,레미마틴
11585,산더미오리,산더미오리
11586,동충하초영양백숙,동충하초영양백숙
11587,마쓰리텐구,마쓰리텐구
11588,시아와나루,시아와나루
11589,반건조,반건조
11590,칵테일사케,칵테일사케
11591,참게탕,참게탕
11592,참게탕전복추가,참게탕전복추가
11593,참게탕대왕쭈꾸미추가,참게탕대왕쭈꾸미추가
11594,다이퀴리,다이퀴리
11595,테이블제이브런치,테이블제이브런치
11596,어린이밥,어린이밥
11597,진흙오리구이,진흙오리구이
11598,오리훈제구이,오리훈제구이
11599,삼색꽂이,삼색꽂이
11600,각종제사음식,각종제사음식
11601,태닝서퍼,태닝서퍼
11602,물오뎅,물오뎅
11603,쿠바리브레,쿠바리브레
11604,사천식오향장육,사천식오향장육
11605,아디오스마더퍼커,아디오스마더퍼커
11606,자연송이전복해삼,자연송이전복해삼
11607,명태회보쌈,명태회보쌈
11608,명태회보쌈명태회,명태회보쌈명태회
11609,영양솥밥,영양솥밥
11610,럼콕,럼콕
11611,마르코폴로,마르코폴로
11612,딸기피치,딸기피치
11613,통살플레이트,통살플레이트
11614,투고오돌뼈,투고오돌뼈
11615,쓰리고닭발,쓰리고닭발
11616,육계닭,육계닭
11617,옻능이백숙,옻능이백숙
11618,염소무침,염소무침
11619,반미터네가지피자,반미터네가지피자
11620,시레기추가,시레기추가
11621,대게정식,대게정식
11622,뷔페,뷔페
11623,제임슨,제임슨
11624,파인애플피자,파인애플피자
11625,핫스파이스피자,핫스파이스피자
11626,서든컴포트,서든컴포트
11627,더블바베큐피자,더블바베큐피자
11628,바이트골드피자,바이트골드피자
11629,데낄라선라이즈,데낄라선라이즈
11630,흑미도우로변경,도우로변경
11631,반미터콤비네이션,터콤비네이션
11632,탱크보이,탱크보이
11633,반미터불새,터불새
11634,치킨가격은매장마다차이가있습니다,가있습니다
11635,면류곱빼기,면류곱빼기
11636,양푼이알곤이탕,양푼이알곤이탕
11637,파우스트,파우스트
11638,애사리,애사리
11639,미나리추가,미나리추가
11640,곤이사리,곤이사리
11641,알사리,알사리
11642,바닐라딜라이트,바닐라딜라이트
11643,뽕따,뽕따
11644,향라돼지갈비,향라돼지갈비
11645,매운조개,매운조개
11646,반반냄비인이상,반반냄비인이상
11647,세세리가라아게,세세리가라아게
11648,우보카도김,우보카도김
11649,쯔께모노,쯔께모노
11650,가츠산도,가츠산도
11651,조키겐혼죠조쇼죠,조키겐혼죠조쇼죠
11652,치요무스비혼죠조,치요무스비혼죠조
11653,샤다츠란,샤다츠란
11654,교촌신화순살,교촌신화순살
11655,마라효룽사,효룽사
11656,청도,청도
11657,하얼빈맥주,하얼빈맥주
11658,중국음료수,중국음료수
11659,중국술,중국술
11660,고기빠오즈,고기빠오즈
11661,모둠햄,모둠햄
11662,두부짜박이,짜박이
11663,임연수,임연수
11664,리터아메,리터아메
11665,꿀자몽티,꿀자몽티
11666,폭탄초코,폭탄초코
11667,폭탄에이드,폭탄에이드
11668,얼그레이버블티,얼그레이버블티
11669,시럽추가펌핑,시럽추가펌핑
11670,참복복국,참복복국
11671,생황제갈비살,생황제갈비살
11672,치플레햄,치플레햄
11673,우보카도,우보카도
11674,한우볏짚타다끼,한우볏짚타다끼
11675,향라육슬,향라육슬
11676,거제도왕굴,거제도왕굴
11677,베리베리젤라또와플,베리베리젤라또와플
11678,딸기누텔라젤라또와플,딸기누텔라젤라또와플
11679,로얄밀크티라떼,로얄밀크티라떼
11680,궁중편육한접시,궁중편육한접시
11681,목우촌바베큐삼겹한접시,삼겹한접시
11682,돼지주물럭두루치기,돼지주물럭두루치기
11683,전주모주잔,전주모주잔
11684,전주모주병,전주모주병
11685,로스가츠,로스가츠
11686,히레가츠,히레가츠
11687,교촌윙,교촌윙
11688,야관문에일맥주,야관문에일맥주
11689,수제에일맥주,수제에일맥주
11690,한식도시락,한식도시락
11691,간천엽추가,간천엽추가
11692,평일점심,평일점심
11693,평일저녁,평일저녁
11694,주말및공휴일,주말및공휴일
11695,교촌순살,교촌순살
11696,닌자고사시미,닌자고사시미
11697,닌자고사시미우니,닌자고사시미우니
11698,인사시미,인사시미
11699,아마에비와우니사시미,아마에비와우니사시미
11700,생대하튀김,생대하튀김
11701,꽃게우니초회,꽃게우니초회
11702,허니머스타드치킨,머스타드치킨
11703,터키랜치스위스,터키랜치스위스
11704,트레디셔널,트레디셔널
11705,코리안트레디셔널,코리안트레디셔널
11706,왕새우까스단품,까스단품
11707,꽃갈비살돈까스단품,꽃갈비살돈까스단품
11708,이미,이미
11709,삼미,삼미
11710,참복,참복
11711,데바사키,데바사키
11712,쇼가야키,쇼가야키
11713,앙키모조림,앙키모조림
11714,바지락사카무시,사카무시
11715,규스지오뎅탕,규스지오뎅탕
11716,고보스틱,틱
11717,치키카라아게,치키카라아게
11718,텐푸라모리아와세,텐푸라모리아와세
11719,츠쿠네,츠쿠네
11720,호르몬동,호르몬동
11721,서울쭈꾸미,서울쭈꾸미
11722,버드와이즈,버드와이즈
11723,매운오뎅,매운오뎅
11724,낙지양푼이,양푼이
11725,인도양의오렌지햇살,햇살
11726,사요리,사요리
11727,카페바바브런치,바바브런치
11728,바바수제돈까스,바바수제돈까스
11729,바바수제왕돈까스,바바수제왕돈까스
11730,반반냄비인,반반냄비인
11731,고추롤돈까스단품,롤돈까스단품
11732,복탕,복탕
11733,사이돈까스단품,사이돈까스단품
11734,정종대포,정종대포
11735,치폴레쉬림프피자,치폴레쉬림프피자
11736,치킨까르보나라피자,까르보나라피자
11737,아메리카노핫콤보,핫콤보
11738,은행마른안주,은행마른안주
11739,스카치,스카치
11740,기타음료,기타음료
11741,뚝배기콩나물만두국,두국
11742,웰빙식사묵사발,웰빙식사묵사발
11743,꿀귤청,꿀귤청
11744,베이비슈,베이비슈
11745,창스페셜,창스페셜
11746,간바레,간바레
11747,꽃갈비살돈까스정식,꽃갈비살돈까스정식
11748,인회정식,인회정식
11749,기리함박,기리함박
11750,은복복국,은복복국
11751,직화매운닭발,직화매운닭발
11752,퐁쥬,퐁쥬
11753,라볶이탕볶이팝볶이,탕볶이팝볶이
11754,송어회인분,송어회인분
11755,아이스치노샷추가,치노샷추가
11756,십전대보차,십전대보차
11757,고추롤돈까스정식,롤돈까스정식
11758,사이돈까스정식,사이돈까스정식
11759,초코범벅젤라또와플,초코범벅젤라또와플
11760,블루베리젤라또와플,블루베리젤라또와플
11761,크림젤라또와플,크림젤라또와플
11762,세계병맥주,세계병맥주
11763,볶음밥볶아드리면,볶아드리면
11764,초당순두부,초당순두부
11765,에파냐,에파냐
11766,목련,목련
11767,호감,호감
11768,고갈비정식,고갈비정식
11769,꿀인삼차,꿀인삼차
11770,명란버터구이삼합,구이삼합
11771,트로피컬하이볼,트로피컬하이볼
11772,한우양구이,한우양구이
11773,킴,킴
11774,덜미살,덜미살
11775,안심탕슉,안심탕슉
11776,매운안심탕슉,매운안심탕슉
11777,기본코스,기본코스
11778,주방장추천코스,주방장추천코스
11779,참다랑어코스,참다랑어코스
11780,대동강,대동강
11781,창비어,창비어
11782,안동일품,안동일품
11783,통오징어짬뽕탕,통오징어짬뽕탕
11784,기네스드레프트생맥주,기네스드레프트생맥주
11785,떡돈까스,떡돈까스
11786,쫄돈까스,쫄돈까스
11787,돈까스추가,돈까스추가
11788,묵은지뼈찜,묵은지뼈찜
11789,바다애미,바다애미
11790,바다애선,바다애선
11791,노주탄,노주탄
11792,라쯔지딩,라쯔지딩
11793,번데기튀김,번데기튀김
11794,깐꿔막창,깐꿔막창
11795,경장육슬,경장육슬
11796,어향육슬,어향육슬
11797,쯔란신관,쯔란신관
11798,공보지딩,공보지딩
11799,소양무침,소양무침
11800,러후채무침,러후채무침
11801,매화탕,매화탕
11802,고리춘,고리춘
11803,문등학,문등학
11804,바다애진,바다애진
11805,해삼완자,해삼완자
11806,수제완자,수제완자
11807,중화면,중화면
11808,인코스요리,인코스요리
11809,모듬조개전복,조개전복
11810,느타리버섯,느타리버섯
11811,돈까스안주,돈까스안주
11812,둥글레차,둥글레차
11813,생과일주스아로이나,아로이나
11814,바다애,바다애
11815,실장추천스페셜,실장추천스페셜
11816,새우투움바함박,투움바함박
11817,생돈가츠,생돈가츠
11818,싸만코젤라또와플,싸만코젤라또와플
11819,치킨과함께주문시,과함께주문시
11820,돈삼겹구이샤브,돈삼겹구이샤브
11821,로스구이샤브,로스구이샤브
11822,정원초과,정원초과
11823,도우선택,도우선택
11824,교촌반반콤보,교촌반반콤보
11825,사이드변경,사이드변경
11826,교촌반반윙,교촌반반윙
11827,교촌반반순살,교촌반반순살
11828,크림와플,크림와플
11829,스노우와플,스노우와플
11830,애플시나몬와플,애플시나몬와플
11831,오레오누텔라와플,오레오누텔라와플
11832,바나나누텔라와플,바나나누텔라와플
11833,딸기누텔라와플,딸기누텔라와플
11834,바나나와플,바나나와플
11835,교촌레허반반순살,교촌레허반반순살
11836,베리베리와플,베리베리와플
11837,곡와플,곡와플
11838,팥스노우와플,팥스노우와플
11839,딸기케이크와플,딸기케이크와플
11840,밀크카라멜와플,밀크카라멜와플
11841,호두고구마와플,고구마와플
11842,티라미수와플,티라미수와플
11843,딸기듬뿍와플,딸기듬뿍와플
11844,교촌콤보,교촌콤보
11845,우삼겹구이샤브,구이샤브
11846,월남쌈스페셜샤브,스페셜샤브
11847,월남쌈명품한우샤브,명품한우샤브
11848,모나코,모나코
11849,매운돈가츠,매운돈가츠
11850,비빔돈가츠,비빔돈가츠
11851,스고이,스고이
11852,황제생갈비살,황제생갈비살
11853,진꽃살,진꽃살
11854,국내산생갈매기살,국내산생갈매기살
11855,국내산생가브리살,국내산생가브리살
11856,나물밥정식,나물밥정식
11857,양념꽃게,꽃게
11858,푸아그라테린,푸아그라테린
11859,빠나쉐,빠나쉐
11860,포크립,포크립
11861,플렛베이지,플렛베이지
11862,교촌후라이드,교촌후라이드
11863,보타르가,보타르가
11864,풍기,풍기
11865,오일라구,오일라구
11866,교촌소이살살,교촌소이살살
11867,볼로네제,볼로네제
11868,볼로네제파파르델레계란면추가시,면추가시
11869,샤브고기,샤브고기
11870,차슈동,차슈동
11871,차부동,차부동
11872,차슈야끼,차슈야끼
11873,반찬고기고기,반찬고기고기
11874,우삼겹부대두루치기,부대두루치기
11875,로즈포우총,포우총
11876,복사시미정식,복사시미정식
11877,파채순살,파채순살
11878,컬투,컬투
11879,찬우,찬우
11880,태균,태균
11881,모둠구이포,모둠구이포
11882,프리미어,프리미어
11883,한우회,한우회
11884,회추가시,회추가시
11885,민트조커블라스트,조커블라스트
11886,활복국정식,활복국정식
11887,레디팩,레디팩
11888,오렌지썸머,썸머
11889,그린데이즈,데이즈
11890,망고코코넛,망고코코넛
11891,까치복국정식,까치복국정식
11892,블루밍루즈티,루즈티
11893,빅토리아실론티,빅토리아실론티
11894,수제레몬청차,레몬청차
11895,네네볶이,네네볶이
11896,네네츄,네네츄
11897,네네볼,네네볼
11898,네네칩,네네칩
11899,네네땅,네네땅
11900,밀복국정식,밀복국정식
11901,치즈방앗간,치즈방앗간
11902,마후라매후라선택,마후라매후라선택
11903,화끈화닭,화끈화닭
11904,백찐빵,백찐빵
11905,갈비닭,갈비닭
11906,활복통마리튀김,활복통마리튀김
11907,문낙전대,문낙전대
11908,스페셜해천탕,스페셜해천탕
11909,해천탕,해천탕
11910,각종사리,각종사리
11911,커플해천탕,커플해천탕
11912,조계조개찜,조계조개찜
11913,복사시미,복사시미
11914,쑥쌀찐빵개,쑥쌀찐빵개
11915,백련초쌀찐빵개,백련초쌀찐빵개
11916,크리스피순살,크리스피순살
11917,칵테일소주,칵테일소주
11918,칵테일소주피쳐,칵테일소주피쳐
11919,알떡추가,알떡추가
11920,회보쌈,회보쌈
11921,싱싱생굴,싱싱생굴
11922,주벅밥,주벅밥
11923,모둠피쉬볼,모둠피쉬볼
11924,모둠샤브야채,모둠샤브야채
11925,복막회,복막회
11926,별미오뎅추가,별미오뎅추가
11927,계절사시미추가,계절사시미추가
11928,베이컨드러가스무스,드러가스무스
11929,사랑과정성,사랑과정성
11930,토속한정식뷔페,토속한정식뷔페
11931,산지별,산지별
11932,수제동그랑땡,수제동그랑땡
11933,매운양푼등갈비,매운양푼등갈비
11934,간장양푼등갈비,양푼등갈비
11935,오니고로시,오니고로시
11936,호쿠도쿠죠겐슈,호쿠도쿠죠겐슈
11937,오카네,오카네
11938,왕사케,왕사케
11939,야마모토야마쵸조,야마모토야마쵸조
11940,오쭈닭,오쭈닭
11941,오꼬닭,오꼬닭
11942,오뎅리필,오뎅리필
11943,알고니추가,알고니추가
11944,매운통닭발,매운통닭발
11945,꼬막탕,꼬막탕
11946,소주처음처럼,소주처음처럼
11947,맥주피츠,맥주피츠
11948,맥주하이트,맥주하이트
11949,음료수콜라,음료수콜라
11950,음료수사이다,음료수사이다
11951,초가든,초가든
11952,밀복국,밀복국
11953,롤롤롤리팝,롤롤롤리팝
11954,소보로빵,소보로빵
11955,완두앙금빵,완두앙금빵
11956,카페모카빵,카페모카빵
11957,호두단팥빵,호두단팥빵
11958,올때메로나빵,올때메로나빵
11959,빵속에메로나,빵속에메로나
11960,조니워커하이볼샷추가,조니워커하이볼샷추가
11961,조니워커하이볼,조니워커하이볼
11962,칭따오퓨어드래프트,칭따오퓨어드래프트
11963,순살강정콜라,순살강정콜라
11964,꼬리찜소,꼬리찜소
11965,꼬리찜중,꼬리찜중
11966,꼬리찜대,꼬리찜대
11967,세마리,세마리
11968,복국정식,복국정식
11969,겨자,겨자
11970,양곱탕,양곱탕
11971,전병줄,전병줄
11972,뼈한마리,뼈한마리
11973,순살한마리,순살한마리
11974,순살후라이드콜라,순살후라이드콜라
11975,뼈있는후라이드콜라,뼈있는후라이드콜라
11976,투다리모둠오뎅,모둠오뎅
11977,콜라추가,콜라추가
11978,새우볼튀김꼬치,볼튀김꼬치
11979,모래집꼬치,모래집꼬치
11980,닭껍칠꼬치,닭껍칠꼬치
11981,매운닭껍질꼬치,매운닭껍질꼬치
11982,민치꼬치,민치꼬치
11983,깻잎말이꼬치,말이꼬치
11984,매운닭발꼬치,매운닭발꼬치
11985,매운닭살꼬치,매운닭살꼬치
11986,수교자,수교자
11987,야끼교자,야끼교자
11988,복분자찐빵,복분자찐빵
11989,매장이용,매장이용
11990,우삼겹부대두루치기인분추가,부대두루치기인분추가
11991,짱감자피자,짱감자피자
11992,내장국,내장국
11993,족발매장판매,매장판매
11994,와카다케오니준마이겐슈,겐슈
11995,초계냉모밀,초계냉모밀
11996,케이준쉬림프골드피자,케이준쉬림프골드피자
11997,슈퍼슈프림피자,슈퍼슈프림피자
11998,쿠보다센쥬,쿠보다센쥬
11999,핫바베큐피자,핫바베큐피자
12000,로얄포테이토피자,로얄포테이토피자
12001,아무거나,아무거나
12002,곤드레더덕산채백반,곤드레더덕산채백반
12003,더덕황태산채백반,더덕황태산채백반
12004,더덕산채백반,더덕산채백반
12005,토종닭탕,토종닭탕
12006,산나물도토리전,산나물도토리전
12007,치악산쌀생막걸리,치악산쌀생막걸리
12008,쿤보타안쥬,쿤보타안쥬
12009,에에드,에에드
12010,건강생칡즙,건강생칡즙
12011,돼지왕구이,돼지왕구이
12012,피라미튀김,피라미튀김
12013,국순당생막걸리,국순당생막걸리
12014,먹을꺼리정식,먹을꺼리정식
12015,도토리무침,도토리무침
12016,송이주,송이주
12017,치왕,치왕
12018,쉬림프골드피자,쉬림프골드피자
12019,활복튀김,활복튀김
12020,갈비앤치킨피자,갈비앤치킨피자
12021,냉동삼겹,냉동삼겹
12022,모둠편육,모둠편육
12023,닭내장추가,닭내장추가
12024,우동왕사리,왕사리
12025,대나무주,대나무주
12026,맑은강원,강원
12027,제육면,제육면
12028,불오리,불오리
12029,닭훈제,닭훈제
12030,칠면조훈제,칠면조훈제
12031,치즈떡추가시,떡추가시
12032,계란후라이추가시,후라이추가시
12033,시사모,시사모
12034,노가치,노가치
12035,복준자,복준자
12036,간장꽃게장정식특,정식특
12037,쇼치쿠바이타쿠죠,쇼치쿠바이타쿠죠
12038,전복영양솥밥,전복영양솥밥
12039,전복장정식,전복장정식
12040,전복구이정식,전복구이정식
12041,크런치골드피자,크런치골드피자
12042,퍼펙트골드피자,퍼펙트골드피자
12043,시즈쿠긴죠,시즈쿠긴죠
12044,모자이크피자,모자이크피자
12045,새우세보래피자,새우세보래피자
12046,오가피주,오가피주
12047,꽃게찌개,꽃게찌개
12048,유황오리매운맛주물럭,유황오리매운맛주물럭
12049,유황오리로스,유황오리로스
12050,콩물통,콩물통
12051,돈개장,돈개장
12052,제육복음,제육복음
12053,사케리또,사케리또
12054,캐오마일,캐오마일
12055,도가니접시,도가니접시
12056,오리한마리,오리한마리
12057,연탄삼겹구이,연탄삼겹구이
12058,연탄불소갈비살,연탄불소갈비살
12059,잡고기조림,잡고기조림
12060,이테리돈까스,이테리돈까스
12061,비지장찌개,비지장찌개
12062,수암명태식해,수암명태식해
12063,한우알삼창,한우알삼창
12064,복껍질무침,복껍질무침
12065,한우양대창,한우양대창
12066,한우곱대창,한우곱대창
12067,갈만탕,갈만탕
12068,만갈탕,만갈탕
12069,한방닭능이백숙,닭능이백숙
12070,방문포장시,방문포장시
12071,소주배달시,소주배달시
12072,퀵비,퀵비
12073,치약산막걸리,치약산막걸리
12074,스끼다시추가,스끼다시추가
12075,모든곱배기양많이,모든곱배기양많이
12076,보쌈정식백반,보쌈정식백반
12077,생오리무한리필,생오리무한리필
12078,얼음막걸리,얼음막걸리
12079,오골계백숙,오골계백숙
12080,둥지백반,둥지백반
12081,훈제칠면조,훈제칠면조
12082,석굴,석굴
12083,활복지리냄비,활복지리냄비
12084,미꾸리튀김,미꾸리튀김
12085,활복국,활복국
12086,도로묵찌개,도로묵찌개
12087,구들장도시락,구들장도시락
12088,생굴초무침,생굴초무침
12089,꼬막안주,꼬막안주
12090,생소막창,생소막창
12091,한우등심오리코스요리,한우등심오리코스요리
12092,생돼지막창,생돼지막창
12093,생갈매기,생갈매기
12094,메밀무침,메밀무침
12095,햄쏘세지,햄쏘세지
12096,특쏘세지,특쏘세지
12097,펩시콜라,펩시콜라
12098,캔맥주,캔맥주
12099,술국중,술국중
12100,술국대,술국대
12101,찌개류,찌개류
12102,깐풍굴,깐풍굴
12103,쫄고달연유팥절미,팥절미
12104,까까웨뜨,까까웨뜨
12105,리얼초코소라빵,리얼초코소라빵
12106,염통,염통
12107,허니볼,허니볼
12108,블루베리요거트스무디,블루베리요거트스무디
12109,순살파블로,순살파블로
12110,블랙치보샤,치보샤
12111,특수부위가브리살,특수부위가브리살
12112,스페셜회식메뉴,스페셜회식메뉴
12113,돼지갈매기살,돼지갈매기살
12114,민찌,민찌
12115,계란탕추가,탕추가
12116,두툼한돈까스안주,두툼한돈까스안주
12117,뒷고기모둠,뒷고기모둠
12118,세블락,세블락
12119,다담,다담
12120,태화루쌀동동주,태화루쌀동동주
12121,우렁이삼겹쌈밥,이삼겹쌈밥
12122,우렁이삼겹쌈밥고기추가,이삼겹쌈밥고기추가
12123,우렁이오리주물럭쌈밥,이오리주물럭쌈밥
12124,라벤터,라벤터
12125,피츠,피츠
12126,불목살,불목살
12127,불갈매기살,불갈매기살
12128,불항정살,불항정살
12129,쌈무추가,쌈무추가
12130,파절이,파절이
12131,반찬추가,반찬추가
12132,생크림와플,생크림와플
12133,카프리,카프리
12134,옥수수트위스트,트위스트
12135,깐새우장백반,장백반
12136,쭈꾸미제육,쭈꾸미제육
12137,더벤티삼각빵,더벤티삼각빵
12138,미니와플,미니와플
12139,레몬차이티,이티
12140,가마솥밥변경시,가마솥밥변경시
12141,한상차림찜비,한상차림찜비
12142,싯가,싯가
12143,둘둘둘,둘둘둘
12144,몽키쪼꼬쪼꼬,쪼꼬쪼꼬
12145,각종티,각종티
12146,직화무뼈닭발,직화무뼈닭발
12147,미니야채핫바,야채핫바
12148,숙성통삼겹,숙성통삼겹
12149,빠삭먹태구이,빠삭먹태구이
12150,부산미도오뎅꼬치,부산미도오뎅꼬치
12151,커피류추가,류추가
12152,그외추가,그외추가
12153,존슨추가,존슨추가
12154,한우족탕,한우족탕
12155,훈제오리구리,구리
12156,소대,소대
12157,영풍가정식,영풍가정식
12158,미프한판,미프한판
12159,숙성목살,숙성목살
12160,소라회,소라회
12161,하이트,하이트
12162,맑은흑모시조개탕,흑모시조개탕
12163,서해바다참소라무침,서해바다참소라무침
12164,기본전,기본전
12165,수제꽃차,수제꽃차
12166,돼지꼬리,돼지꼬리
12167,튜울립불닭발,튜울립불닭발
12168,홍어와삼합,와삼합
12169,수입대게,수입대게
12170,국산대게,국산대게
12171,박달대게,박달대게
12172,얼큰이순살,이순살
12173,육삼물냉,육삼물냉
12174,육삼비냉,육삼비냉
12175,생맥주샘플러,생맥주샘플러
12176,깐쇼불갈비,깐쇼불갈비
12177,단팥,단팥
12178,허니구기차,구기차
12179,인덕주,인덕주
12180,명윤탕,명윤탕
12181,시장통닭,시장통닭
12182,매니아윙,매니아윙
12183,화이트블링,블링
12184,닭껍데기튀김,닭껍데기튀김
12185,후라이드닭발,후라이드닭발
12186,오무돈까스,오무돈까스
12187,포장도시락,포장도시락
12188,마일드,마일드
12189,이런튀발,이런튀발
12190,동태탕공기밥,탕공기밥
12191,코다리구이공기밥,구이공기밥
12192,아구조림,아구조림
12193,루로우판,루로우판
12194,표고전,표고전
12195,계란후라이햄구이,후라이햄구이
12196,메밀부치기국,메밀부치기국
12197,시원,시원
12198,핫불고기피자,핫불고기피자
12199,돈안창,돈안창
12200,그릴윙,그릴윙
12201,하프앤하프피자,하프앤하프피자
12202,콤보돈까스,콤보돈까스
12203,홍사오뉴로우미엔,홍사오뉴로우미엔
12204,시앤수지,시앤수지
12205,루뇨지앤,루뇨지앤
12206,주전자막걸리,주전자막걸리
12207,판치에챠오단,판치에챠오단
12208,챠오콩신챠이,챠오콩신챠이
12209,마포또푸,마포또푸
12210,창잉토우,창잉토우
12211,훈툰미엔,훈툰미엔
12212,어아젠,어아젠
12213,쭈꾸미볶음새우튀김음료수,튀김음료수
12214,쟁반소바,쟁반소바
12215,일본식수제돈까스,일본식수제돈까스
12216,청어알쌈,청어알쌈
12217,수제돈까스안주,수제돈까스안주
12218,머릿고기편육,머릿고기편육
12219,산삼백숙,산삼백숙
12220,능이오리,능이오리
12221,추억의사라다고로케,추억의사라다고로케
12222,엔젤프레즈쉬폰,엔젤프레즈쉬폰
12223,고구마티라미스를만나다,티라미스를만나다
12224,오해피복숭아케이크,오해피복숭아케이크
12225,크리스마스랑해나도,크리스마스랑해나도
12226,요거딸기생크림케이크,딸기생크림케이크
12227,새우오믈렛토스트,오믈렛토스트
12228,마담얼그레이크림번,크림번
12229,마구마구고구마,마구마구고구마
12230,고구마가꿀이구마,가꿀이구마
12231,코코넛로쉐,코코넛로쉐
12232,이즈니버터,이즈니버터
12233,뚜레쥬르가만든블루베리잼,블루베리잼
12234,무알콜샴페인,무알콜샴페인
12235,본마망딸기잼,딸기잼
12236,컨디션헛개수,컨디션헛개수
12237,울릉미네워터,울릉미네워터
12238,초코찰떡파이검은깨,검은깨
12239,뚜레쥬르휭거마드레느,뚜레쥬르휭거마드레느
12240,치킨텐더밸런스랩,밸런스랩
12241,아삭햄치즈패스트리,치즈패스트리
12242,크림치즈월넛브레드,크림치즈월넛브레드
12243,몽블랑의정석,정석
12244,폭신폭신모닝롤,폭신폭신모닝롤
12245,햄야채모닝롤,야채모닝롤
12246,김치고로케,김치고로케
12247,스윗데이골드레이어,레이어
12248,해오름,오름
12249,마카롱판타지아,판타지아
12250,크림코르네,크림코르네
12251,리얼초코가나슈크림빵,초코가나슈크림빵
12252,치즈듬뿍순꿀꽃,순꿀꽃
12253,카페모카크림빵,카페모카크림빵
12254,쟈스민,쟈스민
12255,부드러운후레쉬크림샌드빵,후레쉬크림샌드빵
12256,동글동글순우유롤,동글동글순우유롤
12257,트윈에그브레드,트윈에그브레드
12258,오리지널크라상,오리지널크라상
12259,오리지널뺑오레쟁,뺑오레쟁
12260,오리지널미니크라상,미니크라상
12261,바통쉬크레,바통쉬크레
12262,수플레치즈타임,타임
12263,라바의초코볼대소동,볼대소동
12264,살구쥬스,살구쥬스
12265,더블딥카카오,딥카카오
12266,쇼콜라더롤라운드케이크,라운드케이크
12267,아이스박스케이크,아이스박스케이크
12268,후르츠레드쥬얼리,쥬얼리
12269,카라멜마끼아토,카라멜마끼아토
12270,행복하면돼지,행복하면돼지
12271,말랑말랑마쉬멜로우,말랑말랑마쉬멜로우
12272,띠띠뽀띠띠뽀,띠띠뽀띠띠뽀
12273,곰돌이렛츠고파티,곰돌이렛츠고파티
12274,막끌리네,막끌리네
12275,부추잡채고로케,잡채고로케
12276,쫄깃한찹쌀도넛,쫄깃한찹쌀도넛
12277,능이두루치기,능이두루치기
12278,뉴패스트리도넛,뉴패스트리도넛
12279,금,금
12280,은,은
12281,배꼽,배꼽
12282,가마도로,가마도로
12283,눈살볼살아가미살,눈살볼살아가미살
12284,키모토,키모토
12285,키쥬로,키쥬로
12286,혼죠조아마다니시키,혼죠조아마다니시키
12287,자연산이시가리,자연산이시가리
12288,죠센나마쵸조,죠센나마쵸조
12289,대나무통주,대나무통주
12290,야채카레,야채카레
12291,가츠카레,가츠카레
12292,치킨데리야키동,데리야키동
12293,오므돈까스,오므돈까스
12294,떡치돈,떡치돈
12295,쫄크,쫄크
12296,자연산돔,자연산돔
12297,도토리임자탕,도토리임자탕
12298,숙성통목살,숙성통목살
12299,도루묵조림,도루묵조림
12300,햄후라이,햄후라이
12301,모래집구이,모래집구이
12302,심마니정식,심마니정식
12303,황태제육정식,황태제육정식
12304,바베큐폭립플레이트,폭립플레이트
12305,수제포크커틀렛,수제포크커틀렛
12306,도토리전,도토리전
12307,비어샘플러,비어샘플러
12308,엄마랑장볼때먹던그때그도나쓰,그도나쓰
12309,딸기마카롱도넛,딸기마카롱도넛
12310,초코마카롱도넛,초코마카롱도넛
12311,음료추가시,음료추가시
12312,아메리카노추가리필,추가리필
12313,스칼렛,스칼렛
12314,바질크림,바질크림
12315,아나고,아나고
12316,남다른돼지생막창,남다른돼지생막창
12317,참나무훈제막창,참나무훈제막창
12318,골든라거,골든라거
12319,홍맥주,홍맥주
12320,수제생등심돈까스,수제생등심돈까스
12321,산미구엘필젠,산미구엘필젠
12322,크랜베리킥,킥
12323,레몬드롭,드롭
12324,스미노프타워,스미노프타워
12325,아그아,아그아
12326,호세아네호,호세아네호
12327,글랙피딕,글랙피딕
12328,맥캘락,맥캘락
12329,앱솔보드카,앱솔보드카
12330,꿀꽐라맥주,꿀꽐라맥주
12331,떡볶이떡꼬치치킨팦치즈강정슬러시,강정슬러시
12332,굴보쌈대,굴보쌈대
12333,굴보쌈중,굴보쌈중
12334,굴보쌈소,굴보쌈소
12335,세트사케동변경,사케동변경
12336,등새,등새
12337,네기카츠,네기카츠
12338,안심카츠,안심카츠
12339,등심카츠,등심카츠
12340,믹스가츠동,믹스가츠동
12341,등심카츠개,등심카츠개
12342,안심카츠개,안심카츠개
12343,멘치카츠개,멘치카츠개
12344,황태찜국,황태찜국
12345,황태능이찜국,황태능이찜국
12346,황태강정,황태강정
12347,이면수구이,이면수구이
12348,까치복,까치복
12349,코스타리카따라주아마폴라,리카따라주아마폴라
12350,콜롬비아수프리모후일라,리모후일라
12351,멕시코핀카몬테그란데,멕시코핀카몬테그란데
12352,파나마산타클라라,마산타클라라
12353,예멘모카마타리,마타리
12354,신통불닭발,신통불닭발
12355,세트메뉴식사변경,메뉴식사변경
12356,복숭아망고,복숭아망고
12357,붉은대게죽,붉은대게죽
12358,한우불낙죽,한우불낙죽
12359,친환경야채죽,친환경야채죽
12360,이빠이,이빠이
12361,안멘새,안멘새
12362,청포도케일,청포도케일
12363,토시살제비추리치마살,마살
12364,동태찌개동태지리인분,지리인분
12365,머루차,머루차
12366,레몬다래차,다래차
12367,아로니아차,아로니아차
12368,오리로스구이,오리로스구이
12369,삼형제세트랍스터추가,랍스터추가
12370,리얼스릴스테이크핫오짬,핫오짬
12371,도이치소세지마살라커리,마살라커리
12372,찹쌀떡,찹쌀떡
12373,꼬막밥,꼬막밥
12374,신의주정식,신의주정식
12375,얼큰한떡만둣국,한떡만둣국
12376,활참복국정식,활참복국정식
12377,지평막걸리,지평막걸리
12378,고등어밥,고등어밥
12379,은복,은복
12380,밀복,밀복
12381,장독대보쌈,장독대보쌈
12382,장독대회보쌈,장독대회보쌈
12383,장독대생굴보쌈,장독대생굴보쌈
12384,장독대생굴보쌈중,장독대생굴보쌈중
12385,참숯불닭목살구이,참숯불닭목살구이
12386,숮불닭발,숮불닭발
12387,아구지리,아구지리
12388,아구찜아구지리,아구찜아구지리
12389,아구찜아구지리특,아구찜아구지리특
12390,퍼보면추가,퍼보면추가
12391,퍼싸오,퍼싸오
12392,꼼징,꼼징
12393,꼼징하이산,꼼징하이산
12394,백새주,백새주
12395,간빠레오토상,간빠레오토상
12396,참다랑어아가미,참다랑어아가미
12397,오신꼬추가,오신꼬추가
12398,무순추가,무순추가
12399,락교추가,락교추가
12400,김추가,김추가
12401,엄나무황기탕,엄나무황기탕
12402,오디주,오디주
12403,혼술기본,혼술기본
12404,혼술특선,혼술특선
12405,혼술스페셜,혼술스페셜
12406,조은기본,조은기본
12407,조은특선,조은특선
12408,사골떡손만둣국,떡손만둣국
12409,명품닭발,명품닭발
12410,계란탕추가시,탕추가시
12411,카우팟,카우팟
12412,팟카파우,팟카파우
12413,팟씨유,팟씨유
12414,꿍채남쁘다,꿍채남쁘다
12415,까이텃,까이텃
12416,포피아,포피아
12417,피데기,피데기
12418,칼치조림,칼치조림
12419,히레주잔,히레주잔
12420,땡초추가,땡초추가
12421,소바정식,소바정식
12422,백진미채,백진미채
12423,꼼승,꼼승
12424,분쫀,분쫀
12425,라우무엉,라우무엉
12426,쩐가싸오,쩐가싸오
12427,가치엔,가치엔
12428,사이공스페셜,사이공스페셜
12429,비아하노이,비아하노이
12430,야채수제피클,야채수제피클
12431,꼬마쥐포,꼬마쥐포
12432,구운양태,구운양태
12433,오족,오족
12434,홍진미채,홍진미채
12435,메까도로,메까도로
12436,고추송송고기말이,송송고기말이
12437,미소장국,미소장국
12438,일본식카레,일본식카레
12439,국물봉볶이,봉볶이
12440,누들봉볶이,누들봉볶이
12441,까르봉볶이,까르봉볶이
12442,모든튀김,모든튀김
12443,불고기쏘세지꼬치,쏘세지꼬치
12444,활참복,활참복
12445,복껍질튀김,복껍질튀김
12446,피자바게트,피자바게트
12447,머루,머루
12448,복까스,복까스
12449,새싹보리배쥬스,배쥬스
12450,꼬막한접시,꼬막한접시
12451,바네사까베르네소비뇽,바네사까베르네소비뇽
12452,일파소,일파소
12453,실론티,실론티
12454,레이카,레이카
12455,럼,럼
12456,헨드릭스진,헨드릭스진
12457,몬테알반,몬테알반
12458,호세,호세
12459,하디,하디
12460,하디레전드,하디레전드
12461,올갱이야채국,올갱이야채국
12462,올갱이부침개,올갱이부침개
12463,홍게코스인,홍게코스인
12464,뼈없는돼지왕구이,뼈없는돼지왕구이
12465,대구노가리쥐포,노가리쥐포
12466,활복,활복
12467,소떡꼬치,소떡꼬치
12468,치즈포테이토꿈,꿈
12469,오새튀김,오새튀김
12470,비냐마이포메를로,포메를로
12471,카르멘톨텐샤도네,카르멘톨텐샤도네
12472,양뚝배기찌개,양뚝배기찌개
12473,생갈비살육전,생갈비살육전
12474,인메뉴,인메뉴
12475,인상차림,인상차림
12476,빈쉬라즈,빈쉬라즈
12477,뼈불닭발,뼈불닭발
12478,까다만닭발,까다만닭발
12479,고김,고김
12480,어린이메뉴,어린이메뉴
12481,부대얼게새,부대얼게새
12482,땡초밀복,땡초밀복
12483,소양구이,소양구이
12484,야채비빕밥,야채비빕밥
12485,쫄치,쫄치
12486,쫄고,쫄고
12487,쫄돈,쫄돈
12488,쫄김,쫄김
12489,돈김,돈김
12490,치김,치김
12491,한촌탕,한촌탕
12492,간재미무침,간재미무침
12493,딜리버리,딜리버리
12494,백하수오백숙,백하수오백숙
12495,땡초은복,땡초은복
12496,북인도짜이티,북인도짜이티
12497,구기자차,구기자차
12498,복고니,복고니
12499,신통한마리,신통한마리
12500,신통두마리,신통두마리
12501,신통파닭,신통파닭
12502,튀발,튀발
12503,통갈매기살,통갈매기살
12504,냉묵사발,냉묵사발
12505,전복가마솥밥,전복가마솥밥
12506,다래,다래
12507,꼬막가마솥밥,꼬막가마솥밥
12508,트라피체멜로디아스까베네쇼비뇽,베네쇼비뇽
12509,꼬또깔조네,꼬또깔조네
12510,금수모주,금수모주
12511,감바스알리오올리오,감바스알리오올리오
12512,깔조네추가,깔조네추가
12513,수제청티,수제청티
12514,세미만,세미만
12515,로주탄,로주탄
12516,림해설원,림해설원
12517,북경이과두주,북경이과두주
12518,할빈맥주,할빈맥주
12519,삥탕쉐리,삥탕쉐리
12520,예쯔,예쯔
12521,리쯔,리쯔
12522,쏸메이탕,쏸메이탕
12523,튀김김말이,튀김김말이
12524,매생이복죽,매생이복죽
12525,알리오올리오단품,알리오올리오단품
12526,새우볶음밥단품,밥단품
12527,콜라사이다,콜라사이다
12528,알배기꽃게장,꽃게장
12529,신진도활대하장,신진도활대하장
12530,완도활전복장,완도활전복장
12531,수작업고등어,수작업고등어
12532,수작업임연수,수작업임연수
12533,센데로까르미네르,센데로까르미네르
12534,수제모주한잔,수제모주한잔
12535,경장육스,경장육스
12536,쭈삼정식,쭈삼정식
12537,꼬도리,꼬도리
12538,금수복탕수,금수복탕수
12539,부리또음료,부리또음료
12540,부리또음료튀김,부리또음료튀김
12541,할라페뇨,할라페뇨
12542,또봉이안심텐더,또봉이안심텐더
12543,갈비통닭,갈비통닭
12544,또봉이윙봉,또봉이윙봉
12545,깐풍통닭,깐풍통닭
12546,무뼈닭발튀김,무뼈닭발튀김
12547,또봉이먹태,또봉이먹태
12548,히레사케,히레사케
12549,향라육스,향라육스
12550,히레소주,히레소주
12551,마카롱꼬끄,꼬끄
12552,오징어엎밥,엎밥
12553,훈훈,훈훈
12554,공자주,공자주
12555,빙탕설리,빙탕설리
12556,카오위,카오위
12557,사오치에즈,사오치에즈
12558,쯔란양고기,쯔란양고기
12559,쉐이주로우피엔,쉐이주로우피엔
12560,어향육스,어향육스
12561,공깃밥추가,공깃밥추가
12562,업진안살앞치마살,업진안살앞치마살
12563,골뱅이무치,골뱅이무치
12564,황제덧살,황제덧살
12565,대동보쌈,대동보쌈
12566,한우고기말이,한우고기말이
12567,아이밥,아이밥
12568,쿠엔크,쿠엔크
12569,갈비마구리탕,갈비마구리탕
12570,맛쇼킹순살,맛쇼킹순살
12571,맛쇼킹윙봉,맛쇼킹윙봉
12572,치킨스프린클,린클
12573,스패셜돈까스,스패셜돈까스
12574,스페셜오뎅탕,스페셜오뎅탕
12575,스패셜황도,스패셜황도
12576,추어전,추어전
12577,생삼겹기본인분,생삼겹기본인분
12578,추가생감겹인분,추가생감겹인분
12579,추가수제닭다리살구이인분,살구이인분
12580,송이한우탕,송이한우탕
12581,자연산송이한우사시미,자연산송이한우사시미
12582,한스페일에일,한스페일에일
12583,한스필스너,한스필스너
12584,한스바이젠,한스바이젠
12585,한스,한스
12586,쿠엘보스퀴즈,퀴즈
12587,피치트리하이볼,트리하이볼
12588,크롬바커무알콜맥주,크롬바커무알콜맥주
12589,하리토스,하리토스
12590,와규엄선,엄선
12591,숙성삼겹,숙성삼겹
12592,뼈닭강정,뼈닭강정
12593,생자몽에읻드,에읻드
12594,무한리필숯불돼지갈비,무한리필숯불돼지갈비
12595,길거리오뎅탕,길거리오뎅탕
12596,띄운비지,띄운비지
12597,에스프레소삿추가,삿추가
12598,한우주물럭갈비살,한우주물럭갈비살
12599,소생막창,소생막창
12600,돼지뒷고기,돼지뒷고기
12601,생오소리감투,생오소리감투
12602,치악산찹살동동주,치악산찹살동동주
12603,백화점육포,백화점육포
12604,누룽지숭늉,숭늉
12605,첨가소주,첨가소주
12606,알래스카황도,알래스카황도
12607,불꽃외계인튀김,불꽃외계인튀김
12608,동경식유린기,동경식유린기
12609,똥집후라이감튀,똥집후라이감튀
12610,끝판왕먹태,끝판왕먹태
12611,매운짜파게티,매운짜파게티
12612,김가루밥,김가루밥
12613,후라이드단품,후라이드단품
12614,반반단품,반반단품
12615,연구소찌개,연구소찌개
12616,코즈루쿠로,코즈루쿠로
12617,허니레몬티허니자몽티자몽글니티에이드망고그린티에이드청포도그린티에이드레몬글니티,글니티
12618,야채똥집튀김,야채똥집튀김
12619,콥딥,콥딥
12620,콥딥나쵸추가,콥딥나쵸추가
12621,황태채믹스넛,황태채믹스넛
12622,한치믹스넛,믹스넛
12623,오소돈까스,오소돈까스
12624,상큼황도,상큼황도
12625,노니,노니
12626,모듬보족,보족
12627,칡보쌈,칡보쌈
12628,굴한접시,굴한접시
12629,야치채즈돈까스,야치채즈돈까스
12630,야채부침개,야채부침개
12631,럭셔리,럭셔리
12632,히례주,히례주
12633,오리백수,오리백수
12634,초이스소갈비살,초이스소갈비살
12635,국내산갈매기살,국내산갈매기살
12636,추가고기,추가고기
12637,목항정,목항정
12638,돼지겁데기,돼지겁데기
12639,교촌칩카사바,교촌칩카사바
12640,수제롤과자,수제롤과자
12641,접시묵,접시묵
12642,누리정식,누리정식
12643,뚝불정식,뚝불정식
12644,구운보쌈,구운보쌈
12645,족뱅이,족뱅이
12646,보뱅이,보뱅이
12647,순살불족,순살불족
12648,쌍화,쌍화
12649,치악산도토리가루,치악산도토리가루
12650,산나물야채전,산나물야채전
12651,노아쥬스,노아쥬스
12652,쉐리세리즈,쉐리세리즈
12653,바이엔슈테판헤페바이저,저
12654,듀엘,듀엘
12655,치믈리에일,치믈리에일
12656,사골파육계장,파육계장
12657,아인슈패인,아인슈패인
12658,토피넛,토피넛
12659,과일파이토클렌저,토클렌저
12660,휴식의정원차,휴식의정원차
12661,기쁨의정원차,기쁨의정원차
12662,하겐다즈바,하겐다즈바
12663,파골뱅이,파골뱅이
12664,송죽매미오,송죽매미오
12665,동주탕,동주탕
12666,이연수구이,이연수구이
12667,무침인분,무침인분
12668,사철탕,사철탕
12669,월계관나마죠조,월계관나마죠조
12670,돼지고기찌개,돼지고기찌개
12671,디럭스돈까스,디럭스돈까스
12672,쟁반사리,쟁반사리
12673,어른은,어른은
12674,어린이는,어린이는
12675,어른,어른
12676,원제년산,원제년산
12677,시원달달얼짱황도,얼짱황도
12678,유버추천왕통통노가리,유버추천왕통통노가리
12679,스페셜도시락,스페셜도시락
12680,세세,세세
12681,세이상,세이상
12682,날치밥,날치밥
12683,황제밥,황제밥
12684,돼지소금양념통갈비,통갈비
12685,명품갈비살,명품갈비살
12686,만석명품등심,만석명품등심
12687,방이샤브,방이샤브
12688,샤브용고기,샤브용고기
12689,어린이식사,어린이식사
12690,대만죽엽청주,대만죽엽청주
12691,숄더랙,숄더랙
12692,젤라또싱글로,싱글로
12693,보쌈애불족,보쌈애불족
12694,보쌈애정식,보쌈애정식
12695,간제미찜,간제미찜
12696,벌떡주,벌떡주
12697,김말이개,김말이개
12698,생안심돈까스,생안심돈까스
12699,치즈롤돈까스,롤돈까스
12700,쇠고기다짐,쇠고기다짐
12701,식사류균일가,식사류균일가
12702,일반도시락,일반도시락
12703,회의도시락,회의도시락
12704,소풍도시락,소풍도시락
12705,메리테라네요,메리테라네요
12706,에어로프레스,레스
12707,사이폰,사이폰
12708,흐뭇한상,흐뭇한상
12709,뼈후라이드,뼈후라이드
12710,컵닭강정캔음료,컵닭강정캔음료
12711,홍어삼합국내산,삼합국내산
12712,홍어삼합칠레산,삼합칠레산
12713,홍어회국내산,회국내산
12714,홍어회칠레산,회칠레산
12715,부치기,부치기
12716,돼지껍대기,돼지껍대기
12717,능이뽂음,능이뽂음
12718,능이데치기,능이데치기
12719,바른한상,바른한상
12720,헤이즐넛아메리카,아메리카
12721,모주캔,모주캔
12722,매생이추가,매생이추가
12723,제주오설록달빛걷기,오설록달빛걷기
12724,카라멜크루통,크루통
12725,다크쇼콜라,다크쇼콜라
12726,착즙주스오렌즈,오렌즈
12727,복군이추가,복군이추가
12728,까치복국,까치복국
12729,은복국,은복국
12730,블렌딩티배도라지,블렌딩티배도라지
12731,레인보우케이크,레인보우케이크
12732,활참복국,활참복국
12733,웨딩도시락,웨딩도시락
12734,토시살안창살,토시살안창살
12735,유버먹태,유버먹태
12736,갈비살치마살,갈비살치마살
12737,국산청주한잔,국산청주한잔
12738,뉴기니아,뉴기니아
12739,소염통구이,소염통구이
12740,생양꼬치,생양꼬치
12741,청년돈까스,청년돈까스
12742,다모아튀김,다모아튀김
12743,계절차오디,계절차오디
12744,화로무뼈닭발,화로무뼈닭발
12745,훈제꼬꼬,훈제꼬꼬
12746,아침백반,아침백반
12747,점심백반,점심백반
12748,얼페너,얼페너
12749,빅브런치,빅브런치
12750,옛날잔치편육,잔치편육
12751,진미튀김,진미튀김
12752,돈갈매기,돈갈매기
12753,오제육두루치기,오제육두루치기
12754,핏자,핏자
12755,십빵새,십빵새
12756,양태포구이,양태포구이
12757,명륜진사갈비무한리필,명륜진사갈비무한리필
12758,음료수캔,음료수캔
12759,진도홍주,진도홍주
12760,안동소주,안동소주
12761,아사히맥주,아사히맥주
12762,쌍화고,쌍화고
12763,환절기청,환절기청
12764,생강진액청,진액청
12765,프랑스마리아쥬프레르,프랑스마리아쥬프레르
12766,마라탄면,탄면
12767,육고명튀김교자,육고명튀김교자
12768,토핑육고명,토핑육고명
12769,생돼지구석살,생돼지구석살
12770,일본히레사케,일본히레사케
12771,프룩떼데마레,프룩떼데마레
12772,비프스트로가노프,스트로가노프
12773,연하게한샷,연하게한샷
12774,밤밤,밤밤
12775,국산히레사케,국산히레사케
12776,영국포트넘앤메이슨,영국포트넘앤메이슨
12777,섹시마일드,섹시마일드
12778,연안해산물물회해삼추가,해삼추가
12779,골드메달리스트,메달리스트
12780,논알콜칵테일,논알콜칵테일
12781,국산생,국산생
12782,일본청주한잔,일본청주한잔
12783,치즈뽕듀,뽕듀
12784,블렌딩차,블렌딩차
12785,크라와상,크라와상
12786,고기비지찌개,고기비지찌개
12787,숙성맥주,숙성맥주
12788,불뼈구이,불뼈구이
12789,궁중뼈구이,궁중뼈구이
12790,하루에인사시미,에인사시미
12791,빙하소바곱빼기,빙하소바곱빼기
12792,빙하소바,빙하소바
12793,수다플레이트,수다플레이트
12794,벨즈,벨즈
12795,쿠키앤치노,앤치노
12796,더롱독루즈,더롱독루즈
12797,듀체스드브르고뉴,듀체스드브르고뉴
12798,조식,조식
12799,윈터드림,윈터드림
12800,생쥬스,생쥬스
12801,진뉴반반,진뉴반반
12802,하모샤브,하모샤브
12803,허브티백,백
12804,겉절이,겉절이
12805,매운등뼈찜,매운등뼈찜
12806,후라이드한마리,후라이드한마리
12807,아카시아차,아카시아차
12808,크렘슈페너,크렘슈페너
12809,텀블러이용시,텀블러이용시
12810,순살치즈뿌림,뿌림
12811,피카츄,피카츄
12812,비타민한컵,비타민한컵
12813,랍스터크림구이관자구이,구이관자구이
12814,랍스터해산물빠에아,랍스터해산물빠에아
12815,스테이크퐁유,퐁유
12816,간바스바케트,간바스바케트
12817,하프랍스터관자,랍스터관자
12818,치즈플레인팅,팅
12819,기네스흑맥주,기네스흑맥주
12820,카페트봉봉,트봉봉
12821,마살라닭껍질튀김,마살라닭껍질튀김
12822,카페드봉봉,드봉봉
12823,샤또데레오틴스,샤또데레오틴스
12824,샤토오미람베,샤토오미람베
12825,샤토풍타르노,샤토풍타르노
12826,샤토벨에르,샤토벨에르
12827,깐띤산가우덴치오모스카토,카토
12828,한우등심주물럭,한우등심주물럭
12829,양대창,양대창
12830,비냐뽀말크리안자,비냐뽀말크리안자
12831,까르피네토도가졸로비앙코,앙코
12832,파밀리아마로네가비,파밀리아마로네가비
12833,뮤세움리세르바,뮤세움리세르바
12834,파밀리아마로네바르베라달바까를로,라달바까를로
12835,바흐익스트리시모브뤼,바흐익스트리시모브뤼
12836,재첩회,재첩회
12837,그랑크뤼샴페인마이브뤼리져브,브뤼리져브
12838,리저브셀렉션나파벨리,셀렉션나파벨리
12839,샤또딸보,샤또딸보
12840,샹동드브리아이페르낭베르즐레스일데베르즐레스프르미에크뤼,르미에크뤼
12841,중식,중식
12842,카르피네토오리지날토스카노,토스카노
12843,아가리코하이볼,아가리코하이볼
12844,진빔하이볼,진빔하이볼
12845,아가리코모히토,아가리코모히토
12846,시노베브라운치즈와플,브라운치즈와플
12847,헤즐넛시럽추가,헤즐넛시럽추가
12848,오랑지나,오랑지나
12849,마리스카다,마리스카다
12850,앱솔루트페어,앱솔루트페어
12851,그레이구스보드카,구스보드카
12852,단호박패스츄리꽈배기,패스츄리꽈배기
12853,카스테라크림꽈배기,카스테라크림꽈배기
12854,영양밸런스식,영양밸런스식
12855,영양플러스식,영양플러스식
12856,영양죽식,영양죽식
12857,기문홍차배롱꽃차,배롱꽃차
12858,보이차연꽃차,보이차연꽃차
12859,루이보스금국차,금국차
12860,동과차,동과차
12861,모카히토,히토
12862,촤차,촤차
12863,복숭아홍차,복숭아홍차
12864,대한민국페일에일,대한민국페일에일
12865,사우어아이피에이,사우어아이피에이
12866,뉴잉아이피에이,뉴잉아이피에이
12867,제임슨위스키,제임슨위스키
12868,크닭,크닭
12869,수제피클추가,수제피클추가
12870,케이윙,케이윙
12871,치킨덤플링,덤플링
12872,크레이지윙,크레이지윙
12873,어글리핑거,어글리핑거
12874,로그,로그
12875,댄싱파파,댄싱파파
12876,블루멜로우티,멜로우티
12877,데니쉬꽈배기,데니쉬꽈배기
12878,생도넛,생도넛
12879,통영굴,통영굴
12880,오징어먹물빵,먹물빵
12881,산미구엘페일필첸,산미구엘페일필첸
12882,말뤠리다,말뤠리다
12883,고든스진토닉,고든스진토닉
12884,씨와진토닉,씨와진토닉
12885,데낄라샷,데낄라샷
12886,순살슈프림,순살슈프림
12887,리스칼템프라니요,리스칼템프라니요
12888,제라르베르트랑떼루아르꼬르비에르,르꼬르비에르
12889,타라파카그란레세르바까르메네르,까르메네르
12890,맛보기내장,맛보기내장
12891,카를로사니프리미티보디만두리아리절바,리아리절바
12892,야채바구니,야채바구니
12893,깨찰도넛,깨찰도넛
12894,버섯바구니,바구니
12895,돼지막창,돼지막창
12896,넓적당면,넓적당면
12897,사천식돼지고기티김,티김
12898,고월용산홍주,고월용산홍주
12899,공보가주,공보가주
12900,도원결의주,도원결의주
12901,슈크림고로케,슈크림고로케
12902,피자고로케,피자고로케
12903,킹불소고,킹불소고
12904,킹콘소고,킹콘소고
12905,윙앤봉,윙앤봉
12906,토마토에빠진도가니,에빠진도가니
12907,꼬마사케동,꼬마사케동
12908,푸타네스카,푸타네스카
12909,스피나치오,스피나치오
12910,바이엔슈테판헤페,바이엔슈테판헤페
12911,로우테일쉬라즈,로우테일쉬라즈
12912,모란데리제르바멜롯,모란데리제르바멜롯
12913,빼빼뽈로,빼빼뽈로
12914,베니치아프리토,베니치아프리토
12915,나초앤칩스,나초앤칩스
12916,브런치플레이트,브런치플레이트
12917,꽃카롱,꽃카롱
12918,돼지롱,돼지롱
12919,미니카롱,카롱
12920,감자치아바타,감자치아바타
12921,코스모폴리탄,코스모폴리탄
12922,우니소바,우니소바
12923,우니추가,우니추가
12924,니싱추가,니싱추가
12925,텐토지소바,텐토지소바
12926,텐자루소바,텐자루소바
12927,소보로나스소바,나스소바
12928,타마고야키,타마고야키
12929,소바마키,소바마키
12930,캐러멜마키야또,캐러멜마키야또
12931,에그듬뿍샌드위치,위치
12932,과일뜸뿍도시락,뜸뿍도시락
12933,종이필터드립,종이필터드립
12934,산드라니,산드라니
12935,레몬드랍,드랍
12936,숙성,숙성
12937,그란치오,그란치오
12938,비성숙간받이추리살,비성숙간받이추리살
12939,와큐타코,와큐타코
12940,크레이지불독,크레이지불독
12941,우주선,우주선
12942,내장파괴,내장파괴
12943,정원초가,정원초가
12944,멜팅소보루도우,멜팅소보루도우
12945,도우킹,도우킹
12946,꿀,꿀
12947,회용케찹,회용케찹
12948,후라이드닭다릭,후라이드닭다릭
12949,퍼틀레인,퍼틀레인
12950,스크리밍오르가즘,스크리밍오르가즘
12951,신데렐라,신데렐라
12952,오렌지얼라이브,얼라이브
12953,레몬스퀴져,스퀴져
12954,낫쵸,낫쵸
12955,어포튀김,어포튀김
12956,엡솔루드해븐,엡솔루드해븐
12957,모듬쏘세지,쏘세지
12958,마름안주,마름안주
12959,홍게무한리필,홍게무한리필
12960,칭따오생맥주,칭따오생맥주
12961,붉은대게탕,붉은대게탕
12962,풍기에비스떼까,풍기에비스떼까
12963,융드립,융드립
12964,레드블보드카,블보드카
12965,오빠쥬스,오빠쥬스
12966,애플폭스사이다,폭스사이다
12967,롱보드,롱보드
12968,프랑보아즈무즈,프랑보아즈무즈
12969,해시브라운치즈트리,트리
12970,쿠바리베,쿠바리베
12971,자리세,자리세
12972,민트초코릿마티니,릿마티니
12973,에스프레소미티니,미티니
12974,모스모콜,모스모콜
12975,맨하탄,맨하탄
12976,듀벨트리플홉,홉
12977,무세헤드,무세헤드
12978,게임체인저,게임체인저
12979,네그로니스바글라토,네그로니스바글라토
12980,불바디에,불바디에
12981,사제락,사제락
12982,피칸버터타르타,타르타
12983,한돈원조껍데기,한돈원조껍데기
12984,한돈원조껍데기추가,한돈원조껍데기추가
12985,한돈특수부위,한돈특수부위
12986,한돈특수부위추가,한돈특수부위추가
12987,흑우생갈비살,흑우생갈비살
12988,흑우생갈비살추가,흑우생갈비살추가
12989,대접밥,대접밥
12990,냉면무침사리추가,무침사리추가
12991,가이얀,가이얀
12992,데스페라도,데스페라도
12993,헤페바이어스비어,헤페바이어스비어
12994,갑오징어먹물아란치니,먹물아란치니
12995,달고나크림밀크,크림밀크
12996,토스트토핑메뉴,토핑메뉴
12997,한돈돼지갈비,한돈돼지갈비
12998,한돈매운돼지갈비,한돈매운돼지갈비
12999,뷔페식정식선불,뷔페식정식선불
13000,한국식모가흥소육,한국식모가흥소육
13001,안나마리아,안나마리아
13002,헤이즐넛자바칩라떼,헤이즐넛자바칩라떼
13003,스위트후르츠,스위트후르츠
13004,페어진저,페어진저
13005,데스페라도스,데스페라도스
13006,샘아담스,샘아담스
13007,서핑하이,서핑하이
13008,브런치셋트,브런치셋트
13009,산더미오리야채구이,산더미오리야채구이
13010,청오리생구이,청오리생구이
13011,납작면추가,납작면추가
13012,쥬시쿨,쥬시쿨
13013,튀오뎅,튀오뎅
13014,인튀김,인튀김
13015,튀김개추가,튀김개추가
13016,해리단쫀드기,해리단쫀드기
13017,설레임,설레임
13018,브루독펑크아이피에이,독펑크아이피에이
13019,하드타코,하드타코
13020,게불,게불
13021,대구곤개,곤개
13022,아랫고기,아랫고기
13023,뿔소라,뿔소라
13024,오늘의이베리코특수부위,코특수부위
13025,샷시럽휘핑추가,샷시럽휘핑추가
13026,우유선택가능,선택가능
13027,초코바나나주스,초코바나나주스
13028,리얼브라우니,리얼브라우니
13029,이베리코꽃목살,코꽃목살
13030,딸기르뱅,르뱅
13031,써머스비병맥주,써머스비병맥주
13032,타바론티,타바론티
13033,스제오뎅탕,스제오뎅탕
13034,닭다리살가라아게,살가라아게
13035,소라와사비,소라와사비
13036,더블포테이토비자,비자
13037,쿠르츠기노아마구치,쿠르츠기노아마구치
13038,부산생활맥주,부산생활맥주
13039,비단밀맥,비단밀맥
13040,해운대페일에일,해운대페일에일
13041,태평양,태평양
13042,오블밤스타우트흑맥주,우트흑맥주
13043,진짜,진짜
13044,맥주종샘플러,맥주종샘플러
13045,앵그리버드,앵그리버드
13046,세트메뉴싱글,메뉴싱글
13047,스팸튀김,스팸튀김
13048,홍맥,홍맥
13049,대개불,대개불
13050,뿔소리,뿔소리
13051,윗고기,윗고기
13052,미취학아동뷔페이용료,미취학아동뷔페이용료
13053,번뜩윙봉,번뜩윙봉
13054,살아먹태,살아먹태
13055,데스파라도스,데스파라도스
13056,국민,국민
13057,스키야끼,스키야끼
13058,온소바,온소바
13059,비빔소바,비빔소바
13060,뚝배기카레,뚝배기카레
13061,까스띨로델꼬미다,까스띨로델꼬미다
13062,이스터카베르네소비뇽,이스터카베르네소비뇽
13063,풀뽀로고상그리아카토캔,카토캔
13064,음료리필,음료리필
13065,달윙봉튀김,달윙봉튀김
13066,롱닭고치구이,롱닭고치구이
13067,이까게소,이까게소
13068,후르츠와황도,와황도
13069,오도상,오도상
13070,고봉민돈까스,고봉민돈까스
13071,쟁반국떡,쟁반국떡
13072,초란,초란
13073,참돔나홀로맛있게,참돔나홀로맛있게
13074,농어나홀로맛있게,나홀로맛있게
13075,고상한쌈,고상한쌈
13076,생와사비,생와사비
13077,도다리와함께,와함께
13078,황태,황태
13079,빠사기,빠사기
13080,명품한우갈비살,명품한우갈비살
13081,명품한우꽃등심,명품한우꽃등심
13082,유자숭아,숭아
13083,패션레이디,레이디
13084,오레몽,오레몽
13085,꽃등심카르파치오,꽃등심카르파치오
13086,해산물랍스타비스큐스튜,비스큐스튜
13087,모듬브르스게타,브르스게타
13088,육제비,육제비
13089,벌꿀추가,벌꿀추가
13090,스위트콘라떼,콘라떼
13091,돈짬봉,돈짬봉
13092,치즈솔솔돈까스,솔솔돈까스
13093,맵돈까스,맵돈까스
13094,삼색전,삼색전
13095,주전자오뎅탕,주전자오뎅탕
13096,뚝배기오뎅탕,뚝배기오뎅탕
13097,앵두막걸리,앵두막걸리
13098,복분자막걸리,복분자막걸리
13099,솔잎막걸리,솔잎막걸리
13100,오디막걸리,오디막걸리
13101,돌복숭막걸리,돌복숭막걸리
13102,순이,순이
13103,삼겹꼬치,삼겹꼬치
13104,순살꼬치,순살꼬치
13105,파닭파닭,파닭파닭
13106,해물짬봉탕,짬봉탕
13107,새우장밥추가,장밥추가
13108,생선구이조림추가,구이조림추가
13109,야채밥,야채밥
13110,더덕명태회보쌈,더덕명태회보쌈
13111,명품한우살치살,명품한우살치살
13112,명품한우제비추리,명품한우제비추리
13113,명품한우토시살,명품한우토시살
13114,명품한우안창살,명품한우안창살
13115,명품한우생갈비,명품한우생갈비
13116,명품한우육사시미,명품한우육사시미
13117,숙성오겹살,숙성오겹살
13118,문어발항정살,발항정살
13119,소바면추가,소바면추가
13120,참쌀꽈배기,참쌀꽈배기
13121,팥꽈배기,팥꽈배기
13122,커플원쌈,커플원쌈
13123,뽈락구이,뽈락구이
13124,실속원쌈,실속원쌈
13125,보족원쌈,보족원쌈
13126,불족원쌈,불족원쌈
13127,새싹쟁반무침면,쟁반무침면
13128,명품시리즈,명품시리즈
13129,요리식사코스,요리식사코스
13130,매운보쌈도시락,매운보쌈도시락
13131,남도새꼬막도시락,남도새꼬막도시락
13132,해삼전복,해삼전복
13133,쌈야채,쌈야채
13134,뽈락세꼬시,뽈락세꼬시
13135,스페셜믹스티,스페셜믹스티
13136,패션프르츠티,프르츠티
13137,루이스헤밀턴블랜딩티,루이스헤밀턴블랜딩티
13138,현미밥,현미밥
13139,물총조개탕,물총조개탕
13140,돼지생고기,돼지생고기
13141,스페셜류,스페셜류
13142,분식류,분식류
13143,버터프레첼,버터프레첼
13144,압구정식빵,압구정식빵
13145,공주밤식빵,공주밤식빵
13146,타이가텐동,타이가텐동
13147,아나고텐동,아나고텐동
13148,계절튀김코스정식,계절튀김코스정식
13149,에스프레소콘빤냐,콘빤냐
13150,블랭맥주,블랭맥주
13151,허니큐브패스츄리,패스츄리
13152,그릴드치킨,그릴드치킨
13153,보밀셋트,보밀셋트
13154,생맥주아이피에이,생맥주아이피에이
13155,생맥주블론드에이,에이
13156,인상,인상
13157,골빔면,골빔면
13158,할맥,할맥
13159,추억의,추억의
13160,할맥포장,할맥포장
13161,야채보쌈,야채보쌈
13162,복어포,복어포
13163,참쥐포,참쥐포
13164,막발,막발
13165,즐거워예,즐거워예
13166,유즈츄하이,유즈츄하이
13167,백향과무히또,백향과무히또
13168,까사로마다멜롯,까사로마다멜롯
13169,아로모리제르바,아로모리제르바
13170,로스터의선택,로스터의선택
13171,원두구매,원두구매
13172,체리라떼,체리라떼
13173,치즈팩토리,팩토리
13174,조개추가,조개추가
13175,말렌카케이크,말렌카케이크
13176,루꼴라모르타델라,모르타델라
13177,차돌백이,차돌백이
13178,징기스칸,징기스칸
13179,비나마이포카베네소비뇽멜롯,포카베네소비뇽멜롯
13180,소고기시소말이튀김,시소말이튀김
13181,몽그라스아우라멜롯,몽그라스아우라멜롯
13182,디아모르,디아모르
13183,폴드포크타고,폴드포크타고
13184,난추가,난추가
13185,과콰몰리플레터,과콰몰리플레터
13186,초구,초구
13187,우자크,우자크
13188,우나기타마고야끼,우나기타마고야끼
13189,에이히레구이,에이히레구이
13190,바지삭술찜,바지삭술찜
13191,명란나메로우,명란나메로우
13192,새끼먹태,새끼먹태
13193,뚝배기보쌈,뚝배기보쌈
13194,핸드드립핫,핸드드립핫
13195,새우마빡튀김,마빡튀김
13196,불닭순살,불닭순살
13197,치킨시즈닝뼈,시즈닝뼈
13198,소떡롤소제시,소떡롤소제시
13199,썬더봉,썬더봉
13200,썬더매운봉,썬더매운봉
13201,아메키라노,아메키라노
13202,카라멜아키아토,아키아토
13203,빈땅,빈땅
13204,추가묵은지,추가묵은지
13205,비어라오,비어라오
13206,에스텔라담,에스텔라담
13207,브루클린,클린
13208,노스코스트,노스코스트
13209,구이솔로,구이솔로
13210,치파오,치파오
13211,마라삽겹,삽겹
13212,돼지갈비맛왕구이,돼지갈비맛왕구이
13213,어니언베이글,어니언베이글
13214,야채구이토핑,야채구이토핑
13215,데리변경,데리변경
13216,모시조개탕,모시조개탕
13217,오리훈제정식,오리훈제정식
13218,안심돈카츠,안심돈카츠
13219,카레돈카츠,카레돈카츠
13220,등심돈카츠,등심돈카츠
13221,추가찜고기,추가찜고기
13222,크리스피치킨순살,킨순살
13223,크리스피치킨뼈,킨뼈
13224,모둠스시,모둠스시
13225,쇼콜라타르,타르
13226,민트쿠키스무디,민트쿠키스무디
13227,흑당스무디,흑당스무디
13228,쟁반정식,쟁반정식
13229,꼬치류,꼬치류
13230,치맥,치맥
13231,자메이카여행,자메이카여행
13232,생굴보쌈,생굴보쌈
13233,잔치쌀면,잔치쌀면
13234,헤즐넛라뗴,헤즐넛라뗴
13235,미더덕죽,미더덕죽
13236,마르코폴로티,마르코폴로티
13237,블루베리요거트스무다,스무다
13238,황홀한황족,황홀한황족
13239,황홀한보쌈,황홀한보쌈
13240,사이좋은커플셋트,사이좋은커플셋트
13241,황홀한족보쌈셋트,황홀한족보쌈셋트
13242,보쌈고기추가,보쌈고기추가
13243,반찬셋트,반찬셋트
13244,매운무뼈닭발튀김,매운무뼈닭발튀김
13245,옐로우크림엔칠라다,엔칠라다
13246,참깨두계면,참깨두계면
13247,삼겹비빈면,삼겹비빈면
13248,스팸사리,스팸사리
13249,예술치마살,예술치마살
13250,생선회대게,회대게
13251,볼락,볼락
13252,비오십이,비오십이
13253,겟올라잇샷,겟올라잇샷
13254,한우갈비살,한우갈비살
13255,난초,난초
13256,불맛쭈꾸미삼겹정식,불맛쭈꾸미삼겹정식
13257,매화,매화
13258,암돼지국내산삼겹,암돼지국내산삼겹
13259,고등어한마리,고등어한마리
13260,고등어반마리,고등어반마리
13261,열기한마리,열기한마리
13262,갈치한토막,갈치한토막
13263,명품꽃등심,명품꽃등심
13264,진품등심,진품등심
13265,진품꽃살,진품꽃살
13266,한돈황제덧살,한돈황제덧살
13267,등심악어살,등심악어살
13268,테이블당숯불값,테이블당숯불값
13269,파리광안리,파리광안리
13270,아즈캉,아즈캉
13271,도꾸리,도꾸리
13272,양념갈비대,갈비대
13273,쇠고기생조개샤브,쇠고기생조개샤브
13274,한우생조개샤브,한우생조개샤브
13275,뼈맨운탕,뼈맨운탕
13276,반반셋트,반반셋트
13277,빵가스페샬,빵가스페샬
13278,블러디메리,블러디메리
13279,보나티스트,보나티스트
13280,밀푀유가츠,밀푀유가츠
13281,문베어아이피에이,문베어아이피에이
13282,오반,오반
13283,오큰토션,오큰토션
13284,탈리스커,탈리스커
13285,아드백,아드백
13286,보모어,보모어
13287,생갈비대,생갈비대
13288,브룩라딕아일라발리,브룩라딕아일라발리
13289,브룩라딕스코티시발리,브룩라딕스코티시발리
13290,라프로익,라프로익
13291,라프로익퀘터캐스크,라프로익퀘터캐스크
13292,라가불린,라가불린
13293,야마쟈키디알,야마쟈키디알
13294,야마자키,야마자키
13295,하쿠슈디알,하쿠슈디알
13296,하쿠슈,하쿠슈
13297,히비키하모니,키하모니
13298,산토리치타,타
13299,산토리가쿠빈,산토리가쿠빈
13300,듀어스,듀어스
13301,러셀리저브싱글베릴,싱글베릴
13302,와일드터키레어브리드,와일드터키레어브리드
13303,납크릭라이,납크릭라이
13304,메이커스마커,메이커스마커
13305,구운가지와치즈토마토소스의멜란자네,의멜란자네
13306,문베어골든에일,문베어골든에일
13307,버드와이져,버드와이져
13308,불닭쉬림프피자,불닭쉬림프피자
13309,오지치즈후라이피자,오지치즈후라이피자
13310,갈대된,갈대된
13311,나스,나스
13312,시시토우,시시토우
13313,시이타케,시이타케
13314,쟈가이모,쟈가이모
13315,토우모로코시,토우모로코시
13316,천연발효종,천연발효종
13317,피치트로피컬망고,트로피컬망고
13318,소드레스페샬,소드레스페샬
13319,곤약,곤약
13320,명절튀김,명절튀김
13321,가리비추가,가리비추가
13322,나인라이브스,나인라이브스
13323,그랜트버지벤치마크,그랜트버지벤치마크
13324,로손리트리트,로손리트리트
13325,뀌메리즈네이,뀌메리즈네이
13326,소모스크리안자,소모스크리안자
13327,프리시젼네비게이터,프리시젼네비게이터
13328,서브미션나파벨리,서브미션나파벨리
13329,노동리제르바,노동리제르바
13330,보터아파시멘토로쏘,보터아파시멘토로쏘
13331,빙수용조림팥,용조림팥
13332,성게추가,성게추가
13333,성게한판,성게한판
13334,특사시미,특사시미
13335,카가와카레,카가와카레
13336,네기,네기
13337,긴란,긴란
13338,카와,카와
13339,준바이다이긴죠,준바이다이긴죠
13340,닭껌질튀김,닭껌질튀김
13341,바삭이후라이드,이후라이드
13342,기린,기린
13343,쉑쉑치즈닝,닝
13344,김해생뒷고기,김해생뒷고기
13345,치킨맛변경,맛변경
13346,씬도우,씬도우
13347,참숯닭발,참숯닭발
13348,스트로베리치즈홀릭,스트로베리치즈홀릭
13349,소드레수라상,소드레수라상
13350,칭타오병맥주,칭타오병맥주
13351,뿔소라회,뿔소라회
13352,소리레스,소리레스
13353,랍스터구이,랍스터구이
13354,완도생굴,완도생굴
13355,네기마,네기마
13356,하쯔,하쯔
13357,모모니꾸,모모니꾸
13358,사사미,사사미
13359,테바사키,테바사키
13360,태바모토,태바모토
13361,세세리,세세리
13362,난코츠,난코츠
13363,본지리,본지리
13364,글렌드로냑,글렌드로냑
13365,그랜그랜트,그랜그랜트
13366,글렌모렌지시그넷,글렌모렌지시그넷
13367,몬스터이탈리안피자,몬스터이탈리안피자
13368,뉴디,뉴디
13369,따뜻한고기스튜,따뜻한고기스튜
13370,일반,일반
13371,학생,학생
13372,빈땅발리맥주,빈땅발리맥주
13373,실론,실론
13374,쏘맥,쏘맥
13375,그린룸플레이드,룸플레이드
13376,꾸이맨,꾸이맨
13377,통목살,통목살
13378,돼지꼬리껍데기,돼지꼬리껍데기
13379,호랑이막걸리,호랑이막걸리
13380,생굴탕,생굴탕
13381,묵은지통삼겹,묵은지통삼겹
13382,치즈계란스크럼블,스크럼블
13383,염통꼬치,염통꼬치
13384,꿀막걸리,꿀막걸리
13385,골드콤비네이션피자,골드콤비네이션피자
13386,골드이탈리안치즈피자,골드이탈리안치즈피자
13387,골드고구마피자,골드고구마피자
13388,기문,기문
13389,골드페파로니피자,골드페파로니피자
13390,골드불고기피자,골드불고기피자
13391,골드포테이토피자,골드포테이토피자
13392,우유도지마롤,도지마롤
13393,리소그라탕,리소그라탕
13394,토르티야데파타타,토르티야데파타타
13395,상차림비인,상차림비인
13396,레몬기,기
13397,커빵,커빵
13398,침치회,침치회
13399,히까리마사무네팩,히까리마사무네팩
13400,장인주,장인주
13401,쇠고기탕면,쇠고기탕면
13402,캔디,캔디
13403,어혈교,어혈교
13404,송이통샥스핀찜,송이통샥스핀찜
13405,송이관자,송이관자
13406,해삼송이,해삼송이
13407,설화삼슬샥스핀,설화삼슬샥스핀
13408,해선탕,해선탕
13409,애프터눈,애프터눈
13410,퀸앤블랜드,퀸앤블랜드
13411,어향육사,어향육사
13412,라조우육,라조우육
13413,쇠고기브로콜리,쇠고기브로콜리
13414,마라우육,우육
13415,향라대하,향라대하
13416,향라육사,향라육사
13417,경장육사,경장육사
13418,즈란심관,즈란심관
13419,즈란양고기,즈란양고기
13420,닭발꼬치,닭발꼬치
13421,스페셜정식,스페셜정식
13422,몬스터콤비네이션피자,몬스터콤비네이션피자
13423,북경,북경
13424,몬스터포테이토피자,몬스터포테이토피자
13425,캐비아,캐비아
13426,한우안심육전,한우안심육전
13427,사천,사천
13428,명란오차즈케,명란오차즈케
13429,몰트위스키테이스팅샘플러,위스키테이스팅샘플러
13430,통항정,통항정
13431,상해,상해
13432,핫황금올리브레드착착,착착
13433,아르망디브리냑매그넘,아르망디브리냑매그넘
13434,아르망디브리냑,아르망디브리냑
13435,파이퍼하이직레어,퍼하이직레어
13436,페리에주에벨레포크,페리에주에벨레포크
13437,페리에주에그랑브뤼,랑브뤼
13438,록벨레어럭스,록벨레어럭스
13439,파이퍼하이직브뤼,퍼하이직브뤼
13440,몽키,몽키
13441,보타니스트,보타니스트
13442,스타오브붐베이,오브붐베이
13443,벨루가노블,벨루가노블
13444,벨루가셀레브레이션,벨루가셀레브레이션
13445,앱솔루트엘릭스,앱솔루트엘릭스
13446,루이세,루이세
13447,마르텔,마르텔
13448,맥켈란레어캐스크,맥켈란레어캐스크
13449,맥켈란쉐리캐스크,맥켈란쉐리캐스크
13450,갈치정식,갈치정식
13451,안심꼬리,안심꼬리
13452,한우로스구이고기추가,한우로스구이고기추가
13453,점보불고기피자,점보불고기피자
13454,몬스터고구마피자,몬스터고구마피자
13455,몬스터불고기피자,몬스터불고기피자
13456,카레돈까스,카레돈까스
13457,생아구꽃게,생아구꽃게
13458,마루베스트,마루베스트
13459,무스깡,무스깡
13460,육식공룡,육식공룡
13461,꿀고구마피자,꿀고구마피자
13462,몬스터꿀고구마피자,몬스터꿀고구마피자
13463,점보콤비네이션피자,점보콤비네이션피자
13464,점보포테이토피자,점보포테이토피자
13465,복정식,복정식
13466,한우양념구이고기추가,구이고기추가
13467,특까치복,특까치복
13468,쏙쏙바,쏙쏙바
13469,메론빵,메론빵
13470,특밀복,특밀복
13471,치킨포카차,포카차
13472,특참복,특참복
13473,파추가,파추가
13474,극상우설,극상우설
13475,구이용야채,구이용야채
13476,숙성한우,숙성한우
13477,한우로스구이정식,한우로스구이정식
13478,밀푀유가츠카레,밀푀유가츠카레
13479,돈민찌,돈민찌
13480,케이프코더,케이프코더
13481,쿠스미아쿠아로사티,쿠스미아쿠아로사티
13482,블루화와이,화와이
13483,클래식데커리,데커리
13484,럼앤콕,럼앤콕
13485,브로대천왕,브로대천왕
13486,브로,브로
13487,브로스페셜콤비,브로스페셜콤비
13488,톨톨페파로니,톨톨페파로니
13489,브로피자스페셜좀비,스페셜좀비
13490,톰콜린스,톰콜린스
13491,싱가포르슬링,싱가포르슬링
13492,아삭피클,아삭피클
13493,한우채끝등심,한우채끝등심
13494,동방미인,동방미인
13495,대홍포,대홍포
13496,보이숙차,보이숙차
13497,디아볼로,디아볼로
13498,옵스쥬드뽐,옵스쥬드뽐
13499,옵스쥬드레장,옵스쥬드레장
13500,스페셜블랜딩,스페셜블랜딩
13501,콜롬비아핑크버번워시드,버번워시드
13502,콜드브루시그니쳐,시그니쳐
13503,파바나,파바나
13504,다쿠와즈,다쿠와즈
13505,뚜쇼꼬,뚜쇼꼬
13506,팡도르,팡도르
13507,쿠스미아나스타샤티,샤티
13508,명품감태,명품감태
13509,온센타마고,온센타마고
13510,산삼배양근,산삼배양근
13511,크로게타,크로게타
13512,삐미엔또스,삐미엔또스
13513,바게트빵사이드추가,빵사이드추가
13514,프라하위트,프라하위트
13515,암스텔,암스텔
13516,고릴라페일에일,고릴라페일에일
13517,도미니오드로스두퀴스브륏,오드로스두퀴스브륏
13518,바타시올로세테까시네프로세코브륏,프로세코브륏
13519,볼린저스페셜뀌베,볼린저스페셜뀌베
13520,고릴라아이피에이,고릴라아이피에이
13521,병맥주버켓,병맥주버켓
13522,퀸아망,퀸아망
13523,앵그리파이레이트,레이트
13524,캬라멜마끼야또,캬라멜마끼야또
13525,쉽렉,쉽렉
13526,치즈케사디아,케사디아
13527,나혼자매운삼겹구이,나혼자매운삼겹구이
13528,나혼자간장꽈리삼겹구이,꽈리삼겹구이
13529,게란개,게란개
13530,코코미슈,미슈
13531,호르몬뇨끼,호르몬뇨끼
13532,카타르시스,카타르시스
13533,소뽈살브레이징,소뽈살브레이징
13534,아스파라거스종후라이,아스파라거스종후라이
13535,소염통로스트,소염통로스트
13536,리프파이,리프파이
13537,학원전,학원전
13538,쇼꼴라쇼,쇼꼴라쇼
13539,아이스쇼꼴라,쇼꼴라
13540,회비빕밥,회비빕밥
13541,모둠전,모둠전
13542,전바스,전바스
13543,삼겹살인분이상,인분이상
13544,제주오셥껍데기,오셥껍데기
13545,제주생오겹살정식,생오겹살정식
13546,팔로마,팔로마
13547,타이푼,타이푼
13548,곤추가,곤추가
13549,허벅지살,허벅지살
13550,무릎연골,무릎연골
13551,가슴연골,가슴연골
13552,가미가제,가미가제
13553,똥반오반,똥반오반
13554,키리모찌,키리모찌
13555,스팸도시락,스팸도시락
13556,삼겹도시락,삼겹도시락
13557,스팸추가,스팸추가
13558,새송이추가,새송이추가
13559,파절이추가,파절이추가
13560,갓마더,갓마더
13561,물,물
13562,콜라캔,콜라캔
13563,곰돌이화과자,곰돌이화과자
13564,스모어,스모어
13565,바닷가모듬회회추가시,회회추가시
13566,바닷가고급회회추가시,바닷가고급회회추가시
13567,특인,특인
13568,표고강정,표고강정
13569,키슈크러베뜨,키슈크러베뜨
13570,명란바게뜨,바게뜨
13571,타르트오쇼숑노르망디,오쇼숑노르망디
13572,초코생크림,초코생크림
13573,기리쉬,기리쉬
13574,카네이션,카네이션
13575,큐티베어,큐티베어
13576,바니,바니
13577,파리지앵,파리지앵
13578,마루롤,마루롤
13579,김렛,김렛
13580,예쁜떡오늘,예쁜떡오늘
13581,명품물회스페셜대,스페셜대
13582,치킨가라게,가라게
13583,오토로,오토로
13584,드라이마티니,드라이마티니
13585,전유동스시,전유동스시
13586,반유동스시,반유동스시
13587,나마조조,나마조조
13588,피카디요크레페,피카디요크레페
13589,미죠떼브런치,미죠떼브런치
13590,상그리타,상그리타
13591,엔비,엔비
13592,명품물회스페셜중,스페셜중
13593,에다마메,에다마메
13594,빤꼰토마테,빤꼰토마테
13595,빠따따브라바스,빠따따브라바스
13596,체다치즈크로플,체다치즈크로플
13597,수제라비올리,수제라비올리
13598,물떡,물떡
13599,트레비,트레비
13600,실속규동도시락,실속규동도시락
13601,실속부타동도시락,실속부타동도시락
13602,버라이어티돈까스,버라이어티돈까스
13603,핫윙오리지날윙반반,윙반반
13604,딝강정,딝강정
13605,매운닭강정,매운닭강정
13606,부타동돈부리,부타동돈부리
13607,가츠동돈부리,가츠동돈부리
13608,규동돈부리,규동돈부리
13609,스팸조각,스팸조각
13610,게르치,게르치
13611,청포도모히도,모히도
13612,자몽모히또,자몽모히또
13613,사과유자차,사과유자차
13614,오곡바나나주스,오곡바나나주스
13615,플레인퐁크러쉬,플레인퐁크러쉬
13616,딸기퐁크러쉬,딸기퐁크러쉬
13617,바나나퐁크러쉬,바나나퐁크러쉬
13618,도미회,도미회
13619,능성어회,능성어회
13620,리얼초코프라페,리얼초코프라페
13621,딸기쿠키프라페,딸기쿠키프라페
13622,수라상,수라상
13623,스모어딥,스모어딥
13624,소세지빵,소세지빵
13625,타이거,타이거
13626,라임민트에이드,라임민트에이드
13627,칼피스하이볼,칼피스하이볼
13628,카가와통삼겹카레,카가와통삼겹카레
13629,카가와밀푀유가츠카레,카가와밀푀유가츠카레
13630,카가와기본카레,카가와기본카레
13631,기본카레,기본카레
13632,수제핫도고,수제핫도고
13633,로얄샬루트,샬루트
13634,테이블셋팅비,테이블셋팅비
13635,숙성한우특안심,숙성한우특안심
13636,국내산숙성생항정살,국내산숙성생항정살
13637,애플폭스사이더,폭스사이더
13638,식전빵,식전빵
13639,엽기오뎅,엽기오뎅
13640,엽기반반,엽기반반
13641,인엽떡,인엽떡
13642,엽기닭발,엽기닭발
13643,엽기무뼈닭발,엽기무뼈닭발
13644,엽기통닭발,엽기통닭발
13645,엽기오돌뼈,엽기오돌뼈
13646,퓨전한정식,퓨전한정식
13647,버터꿀봉,꿀봉
13648,고추맵봉,맵봉
13649,소드레한정식,소드레한정식
13650,플레인크로플,플레인크로플
13651,크니쁘니,크니쁘니
13652,맥주카스,맥주카스
13653,인당,인당
13654,초코와플,초코와플
13655,녹차와플,녹차와플
13656,타마고후토마키,타마고후토마키
13657,카츠후토마키,카츠후토마키
13658,믹스산도,믹스산도
13659,헤이패티,헤이패티
13660,칼스버그,칼스버그
13661,피지워터,피지워터
13662,류센소,류센소
13663,류센소카라,류센소카라
13664,류센소아사리,류센소아사리
13665,류센소카키,류센소카키
13666,카키후라이,카키후라이
13667,토리카라아게,토리카라아게
13668,밀키후라이,밀키후라이
13669,아지타마고,아지타마고
13670,참다랑어뱃살사시미,참다랑어뱃살사시미
13671,숙성사시미,숙성사시미
13672,생태탕,생태탕
13673,나마코스,나마코스
13674,프라하페일라거,프라하페일라거
13675,루이보스오렌지,루이보스오렌지
13676,소주참이슬,소주참이슬
13677,소주좋은데이,소주좋은데이
13678,소주대선,소주대선
13679,백향과차,백향과차
13680,부산수제맥주샘플러,부산수제맥주샘플러
13681,가을전어회,가을전어회
13682,이안원두,이안원두
13683,망고코코넛더블프로마쥬,프로마쥬
13684,스머프,스머프
13685,자반토,자반토
13686,자반토원두,자반토원두
13687,두고소도원두,두고소도원두
13688,키안주리,키안주리
13689,키안주리원두,키안주리원두
13690,스머프원두,스머프원두
13691,하랑갈,하랑갈
13692,하랑갈원두,하랑갈원두
13693,이안,이안
13694,흑당크로플,흑당크로플
13695,펩시,펩시
13696,메이플,메이플
13697,옐로서브마린,옐로서브마린
13698,후르츠팜,팜
13699,화과자,화과자
13700,구움과자,구움과자
13701,자연산대방어,자연산대방어
13702,당고미숫페너,당고미숫페너
13703,참돔유비끼,참돔유비끼
13704,킬스버그,킬스버그
13705,외인리스트,외인리스트
13706,제주펠롱에일,펠롱에일
13707,염통고치,염통고치
13708,해장짬봉,해장짬봉
13709,은행꼬치,은행꼬치
13710,생오리반마리추가,생오리반마리추가
13711,나물전,나물전
13712,돼지목살구이,돼지목살구이
13713,명작복분자,명작복분자
13714,수리,수리
13715,깨수깡,깨수깡
13716,왕족발검댕이보쌈웰빙,검댕이보쌈웰빙
13717,왕족발검댕이보쌈,검댕이보쌈
13718,왕족발검댕이보쌈특,검댕이보쌈특
13719,소담돈까스,소담돈까스
13720,인동,인동
13721,수입갈비살,수입갈비살
13722,한식부페,한식부페
13723,오리참숯훈제,오리참숯훈제
13724,생오리양념숯불구이반마리추가,숯불구이반마리추가
13725,생오리숯불구이,생오리숯불구이
13726,와락윙,와락윙
13727,대나무죽통주,대나무죽통주
13728,매운맛후라이드,매운맛후라이드
13729,인도네시아만데링,인도네시아만데링
13730,코리아노,코리아노
13731,준과랑티라미슈,준과랑티라미슈
13732,티라미슈한판,티라미슈한판
13733,허니글루,글루
13734,효소차,효소차
13735,토종약닭,토종약닭
13736,황토진흙오리구이,황토진흙오리구이
13737,생오리,생오리
13738,옻계탕,옻계탕
13739,석굴찜,석굴찜
13740,더덕주,더덕주
13741,전주식백반,전주식백반
13742,대게,대게
13743,킹크랩,킹크랩
13744,명품한우등심,명품한우등심
13745,한돈수제갈비,한돈수제갈비
13746,소생갈비살,소생갈비살
13747,한우양,한우양
13748,한우명품꽃등심,한우명품꽃등심
13749,오징어찌개,오징어찌개
13750,자연산통마리회,자연산통마리회
13751,스페셜코스,스페셜코스
13752,매운후라이드변경,매운후라이드변경
13753,날개다리듀오,듀오
13754,생오리구이,생오리구이
13755,오리훈제숯불구이,오리훈제숯불구이
13756,고기사리,고기사리
13757,새우완스,완스
13758,공부과주,공부과주
13759,통골뱅이탕,통골뱅이탕
13760,테비사끼,테비사끼
13761,페리윙,페리윙
13762,싱싱점심정식,싱싱점심정식
13763,싱싱특정식,싱싱특정식
13764,싱싱냉사케,싱싱냉사케
13765,달,달
13766,브리,브리
13767,베이비백립,베이비백립
13768,동태조림,동태조림
13769,쟈스민특밥,쟈스민특밥
13770,마이넘버원,넘버원
13771,멸치액젓,액젓
13772,딸기요거트케이크,딸기요거트케이크
13773,민락동소반,민락동소반
13774,유황생오리,유황생오리
13775,유황오리대패,유황오리대패
13776,내가찾던카페모카가족,가족
13777,라인프렌즈,라인프렌즈
13778,탁주,탁주
13779,기린가족해피피크닉,기린가족해피피크닉
13780,초코바나나팬더월드,팬더월드
13781,콩순이와함께우리들음악회,들음악회
13782,통나무마을동물친구들,통나무마을동물친구들
13783,즐거운사파리친구들,즐거운사파리친구들
13784,해변가에서노래하는핑크퐁과상어친구들,퐁과상어친구들
13785,타이니소어공룡메카드,타이니소어공룡메카드
13786,브라운과코니의하트시그널,시그널
13787,스페셜호,스페셜호
13788,우리함께달려요해피레이싱,함께달려요해피레이싱
13789,사랑가득러블리핑크캐슬,캐슬
13790,쭈꾸미전,쭈꾸미전
13791,옹심이만,옹심이만
13792,자연산방어,자연산방어
13793,전어스페셜,전어스페셜
13794,자연송이류산슬,자연송이류산슬
13795,송이해삼전복,송이해삼전복
13796,특선전가복,특선전가복
13797,활어정식,활어정식
13798,웰빙깻잎쌈닭,쌈닭
13799,카스생,카스생
13800,채끝살,채끝살
13801,연인찻상,연인찻상
13802,코코너츠낱개,너츠낱개
13803,캐슈넛,캐슈넛
13804,야마하이지코미,야마하이지코미
13805,카라구치잇콘,카라구치잇콘
13806,닭계장,닭계장
13807,활어스페셜정식,활어스페셜정식
13808,활어특선정식,활어특선정식
13809,굴뚝배기,굴뚝배기
13810,공보기정,공보기정
13811,슈프림매운불,슈프림매운불
13812,초장기본상차림,초장기본상차림
13813,대흥스페셜,대흥스페셜
13814,꼬리찜,꼬리찜
13815,근위후라이드,근위후라이드
13816,영양무침,영양무침
13817,토종닭능이백숙,토종닭능이백숙
13818,뽀글장,뽀글장
13819,오뎅탕대,오뎅탕대
13820,능이백숙능이오리,능이백숙능이오리
13821,사랑스페셜,사랑스페셜
13822,한우염통구이,한우염통구이
13823,뼈사리,뼈사리
13824,야채사리,야채사리
13825,메밀모주,메밀모주
13826,좁쌀동동주,좁쌀동동주
13827,머루주,머루주
13828,토종흙돼지생고기,토종흙돼지생고기
13829,한방옻닭옻오리,옻닭옻오리
13830,묵은지찌게,묵은지찌게
13831,스노윙치즈반핫블링반,반핫블링반
13832,스노윙치즈반쇼킹핫반,반쇼킹핫반
13833,온리윙스,온리윙스
13834,네네순살닭강정,네네순살닭강정
13835,네네스위틱,네네스위틱
13836,닭내장,닭내장
13837,솔주,솔주
13838,총각김지,총각김지
13839,마늘장아찌,마늘장아찌
13840,뽕잎황태밥황태탕,뽕잎황태밥황태탕
13841,도토리야채무침,도토리야채무침
13842,꿩만둣찜,꿩만둣찜
13843,꿩만둣국,꿩만둣국
13844,쌀동동주,쌀동동주
13845,솔잎동동주,솔잎동동주
13846,인삼동동주,인삼동동주
13847,이강주,이강주
13848,문배주,문배주
13849,온리레그,온리레그
13850,한우말이고기,한우말이고기
13851,백반정식,백반정식
13852,더덕백반,더덕백반
13853,치즈뿌림뿌림티킨,뿌림뿌림티킨
13854,수제튀김,수제튀김
13855,닭주물럭,닭주물럭
13856,믹스케밥,믹스케밥
13857,점보치킨양고기믹스케밥,양고기믹스케밥
13858,라이스랩양고기,랩양고기
13859,불낙백반,불낙백반
13860,도루묵찌개,도루묵찌개
13861,꽃물정식,꽃물정식
13862,명태구이찜,명태구이찜
13863,식사추가,식사추가
13864,돼지찌게,돼지찌게
13865,팔팔폭립,팔팔폭립
13866,곱돌이탕,곱돌이탕
13867,핫불,핫불
13868,무청옹심이,무청옹심이
13869,모찌모찌,모찌모찌
13870,한식뷔페,한식뷔페
13871,문꼬치,문꼬치
13872,쫀뜨기,쫀뜨기
13873,구구,구구
13874,쌀티그레,쌀티그레
13875,디너코스,디너코스
13876,강원나물밥,강원나물밥
13877,메밀부침,메밀부침
13878,송어회,송어회
13879,치악산막걸리,치악산막걸리
13880,고택찹쌀생주,생주
13881,대로변경,대로변경
13882,모던팝,모던팝
13883,아과두주,아과두주
13884,치안산막걸리,치안산막걸리
13885,와사비톡,와사비톡
13886,누꼬,누꼬
13887,비지장,비지장
13888,백간,백간
13889,차돌박이숙주볶음,차돌박이숙주볶음
13890,보약닭,보약닭
13891,선운산복분자,선운산복분자
13892,옻술,옻술
13893,비지찌게,비지찌게
13894,간재미찜중,간재미찜중
13895,간재미찜소,간재미찜소
13896,한방숙성후라이드,숙성후라이드
13897,문홍삼합,문홍삼합
13898,참소라,참소라
13899,면사리추가,면사리추가
13900,교촌쫀드칸꽈배기,교촌쫀드칸꽈배기
13901,대나무통밥정식,대나무통밥정식
13902,한돈항정살,한돈항정살
13903,한돈갈매기살,한돈갈매기살
13904,볶탕면,볶탕면
13905,흥부돈까스,흥부돈까스
13906,야채생돈까스,야채생돈까스
13907,한우채끝타다키,한우채끝타다키
13908,스지오뎅탕,스지오뎅탕
13909,소룡포,소룡포
13910,쿵푸보이,쿵푸보이
13911,고급갈비살,고급갈비살
13912,소육,소육
13913,왕길비,왕길비
13914,오곡더덕정식,더덕정식
13915,산성막걸리,산성막걸리
13916,해물떡짐밥,떡짐밥
13917,초장값인분,초장값인분
13918,솥밥추가,솥밥추가
13919,묵은지도리탕,묵은지도리탕
13920,고래,고래
13921,고창복분자,고창복분자
13922,고려원등심,고려원등심
13923,퍼지브라우니,퍼지브라우니
13924,황기백숙,황기백숙
13925,황제꽃살,황제꽃살
13926,황제살치살,황제살치살
13927,황제치마살,황제치마살
13928,보리굴비추가,굴비추가
13929,보리굴비마리포장,굴비마리포장
13930,오늘의,오늘의
13931,황토오리스페셜,황토오리스페셜
13932,능이백숙스페셜,능이백숙스페셜
13933,모듬구이스페셜,구이스페셜
13934,생오리스페셜,생오리스페셜
13935,단호박영양밥,영양밥
13936,동태찜,동태찜
13937,야채꼬마,야채꼬마
13938,추후등재예정,추후등재예정
13939,더블치즈버거피자,더블치즈버거피자
13940,올미트피자,올미트피자
13941,멕시판,멕시판
13942,매콤한윙,한윙
13943,나초튀김,나초튀김
13944,데낄라썬라이즈,데낄라썬라이즈
13945,모래집후라이드,모래집후라이드
13946,무침탕밥,무침탕밥
13947,몽땅서비스,몽땅서비스
13948,요런모둠튀김,요런모둠튀김
13949,스크류드라이버,스크류드라이버
13950,즉석영양밥,즉석영양밥
13951,골뱅이파부침,골뱅이파부침
13952,영양곤드레가마솥밥,영양곤드레가마솥밥
13953,차돌밖이솥뚜껑구이,차돌밖이솥뚜껑구이
13954,한우야채말이구이,한우야채말이구이
13955,왕소갈비찜가마솥즉석밥,가마솥즉석밥
13956,왕천파닭,왕천파닭
13957,왕천순살파닭,왕천순살파닭
13958,한우생염통구이,한우생염통구이
13959,치킨커리필라프,커리필라프
13960,모스코뮬,모스코뮬
13961,산타케롤리나애스트랠라매틀로,라매틀로
13962,카니버까베르네소비뇽,카니버까베르네소비뇽
13963,위스키샤워,위스키샤워
13964,살치파파,살치파파
13965,존스페이버릿피자,존스페이버릿피자
13966,스파이시치킨랜치피자,스파이시치킨랜치피자
13967,햄꼬마,햄꼬마
13968,수퍼파파스피자,수퍼파파스피자
13969,닭발소,닭발소
13970,닭발대,닭발대
13971,부야베스,부야베스
13972,간모도키,간모도키
13973,명월코스,명월코스
13974,물곱배기,물곱배기
13975,울금보쌈,울금보쌈
13976,주방장,주방장
13977,해삼전복자연송이,해삼전복자연송이
13978,자연송이전복,자연송이전복
13979,자연송이와해삼,자연송이와해삼
13980,칭타오맥주,칭타오맥주
13981,메이드브런치음료,메이드브런치음료
13982,콜탕,콜탕
13983,콜떡,콜떡
13984,슬탕,슬탕
13985,슬떡,슬떡
13986,뚝배기해산물스튜,뚝배기해산물스튜
13987,해물찜갈비찜등찜류,등찜류
13988,닭볶음탕해물탕알탕등탕류,등탕류
13989,갈탕,갈탕
13990,통탕,통탕
13991,추어우렁이통탕,이통탕
13992,누드튀김,누드튀김
13993,일반돈까스,일반돈까스
13994,올치팝,올치팝
13995,올치콜,올치콜
13996,올드패션,패션
13997,미스터발리하이,미스터발리하이
13998,한우암소채끝등심,한우암소채끝등심
13999,오리도리탕,오리도리탕
14000,밤막걸리,밤막걸리
14001,간천엽추가시,간천엽추가시
14002,모엣샹동,모엣샹동
14003,감자바소,바소
14004,햄과에그래,래
14005,캠핑플레이트,캠핑플레이트
14006,삼부카,삼부카
14007,타피오카,타피오카
14008,찜햇닭윙조각,찜햇닭윙조각
14009,찜햇닭윙닭강정추가,찜햇닭윙닭강정추가
14010,불사윙조각,불사윙조각
14011,케이준윙조각,케이준윙조각
14012,알룰로스텐더조각,알룰로스텐더조각
14013,불사텐더조각,불사텐더조각
14014,어니언치즈순살뿌치조각,순살뿌치조각
14015,바삭크림치즈볼조각,볼조각
14016,텐더로인조각,텐더로인조각
14017,할라피뇨너겟조각,너겟조각
14018,한식백반,한식백반
14019,돈가스만추,만추
14020,도리벤또,도리벤또
14021,돈까스벤또,돈까스벤또
14022,규동벤또,규동벤또
14023,추가통생삼겹인분,추가통생삼겹인분
14024,통생삼겹,통생삼겹
14025,생골뱅이,생골뱅이
14026,인삼차,인삼차
14027,우담하나,우담하나
14028,우담둘,우담둘
14029,우담셋,우담셋
14030,시간숙성꽃등심,시간숙성꽃등심
14031,시간숙성등심,시간숙성등심
14032,생소갈비살,생소갈비살
14033,혼보,혼보
14034,진통제,진통제
14035,곱배기추가시,곱배기추가시
14036,곱빼기추가,곱빼기추가
14037,둥굴레,둥굴레
14038,정글새,정글새
14039,물망치탕,물망치탕
14040,닥터펑크,닥터펑크
14041,천마차,천마차
14042,산수유,산수유
14043,스미노프,스미노프
14044,앱솔루트,앱솔루트
14045,쿠퍼스,쿠퍼스
14046,갈릭치즈브레드,갈릭치즈브레드
14047,호세쿠엘보에스페셜,호세쿠엘보에스페셜
14048,부산항스페셜,부산항스페셜
14049,공보과주,공보과주
14050,장치찜,장치찜
14051,마리포사,마리포사
14052,똥집구이,똥집구이
14053,돼지껍데기구이,돼지껍데기구이
14054,콜롬비아나리뇨라유니온,나리뇨라유니온
14055,김치찌개인치즈돈물,돈물
14056,칸반찬추가,칸반찬추가
14057,스팸구이,스팸구이
14058,고기만실속메뉴,고기만실속메뉴
14059,테라생맥주,테라생맥주
14060,치돈제육오뎅음료,치돈제육오뎅음료
14061,꽃쌈겹,꽃쌈겹
14062,코스타리카산타테레사,리카산타테레사
14063,왕돈인제육쫄사이다,왕돈인제육쫄사이다
14064,생선가왕돈떡볶오뎅음료,가왕돈떡볶오뎅음료
14065,치돈왕돈오뎅콜라,치돈왕돈오뎅콜라
14066,생선까스쫄쌀떡볶오뎅음료,쫄쌀떡볶오뎅음료
14067,인도카라디칸내추럴,인도카라디칸내추럴
14068,온두라스엘판타날,온두라스엘판타날
14069,왕돈인제육우동쫄음료,쫄음료
14070,김치찌개왕돈제육쫄음료,왕돈제육쫄음료
14071,부대찌개치돈쌀떡볶오뎅음료,치돈쌀떡볶오뎅음료
14072,김치제육왕돈큰쫄오뎅음료,제육왕돈큰쫄오뎅음료
14073,김치제육부대찌개왕돈음료,왕돈음료
14074,치돈왕돈큰쫄우동빨강오뎅,빨강오뎅
14075,왕돈고구마돈생선까스치즈돈오뎅,돈오뎅
14076,김치볶음인왕돈큰쫄오뎅음료,인왕돈큰쫄오뎅음료
14077,사골만두국왕돈사이다미리,왕돈사이다미리
14078,큰쫄인떡볶이왕돈오뎅음료,왕돈오뎅음료
14079,생로스구이,생로스구이
14080,김치제육왕돈오뎅콜라대,제육왕돈오뎅콜라대
14081,갈릭치즈,갈릭치즈
14082,참치김치찌개인왕돈쫄물,인왕돈쫄물
14083,전복튀김,전복튀김
14084,동태전골,골
14085,돈까스꼬마,돈까스꼬마
14086,묵은지꼬마,묵은지꼬마
14087,알곤이탕,알곤이탕
14088,버니니,버니니
14089,더블베네프레소,베네프레소
14090,담다크림맥주,림맥주
14091,라거맥주,라거맥주
14092,드리즐,드리즐
14093,송어튀김,송어튀김
14094,진로햇복분자,진로햇복분자
14095,참치사시미스페셜,사시미스페셜
14096,순두부찌개인왕돈물,인왕돈물
14097,활복어사시미,활복어사시미
14098,장터특주,장터특주
14099,집에서해먹는,집에서해먹는
14100,사골,사골
14101,빨간오뎅,빨간오뎅
14102,손즉석수제떡복이돈가스셀러리음료,셀러리음료
14103,즉석수제스트링치즈돈까스셀러리음료,돈까스셀러리음료
14104,내가만든돈가스반생선까스반음료,반음료
14105,장터막걸리,장터막걸리
14106,해물김치,물김치
14107,김밥한줄,한줄
14108,매운주물럭,매운주물럭
14109,와인빙수,인빙수
14110,하루스폐셜정식,스폐셜정식
14111,돌솥훈제정식,훈제정식
14112,콜롬비아나리뇨라쥴리아나,나리뇨라쥴리아나
14113,제육백반,제육백반
14114,살고기순대국빕,빕
14115,황태술국,황태술국
14116,과테말라사키테,사키테
14117,아구짐,아구짐
14118,떡오뎅섞어찜,떡오뎅섞어찜
14119,제육쌈밥정식,제육쌈밥정식
14120,순대국뽈살내장,뽈살내장
14121,스노윙반핫블링반후라이드반,이드반
14122,밥전,밥전
14123,양구이,양구이
14124,간천엽,간천엽
14125,루이보스밸런스,밸런스
14126,매생이국,매생이국
14127,굴부침개,굴부침개
14128,매생이부침개,매생이부침개
14129,보쌈초본,보쌈초본
14130,보쌈등본,보쌈등본
14131,보쌈인감,보쌈인감
14132,삼겹주물럭,삼겹주물럭
14133,도루묵찌게,도루묵찌게
14134,오페라,오페라
14135,능이버섯오리홍숙,오리홍숙
14136,능이버섯토종닭홍숙,토종닭홍숙
14137,케냐응다로이니,응다로이니
14138,홉고블린,홉고블린
14139,만델링,만델링
14140,다슬기특대,다슬기특대
14141,찰밥,찰밥
14142,엄나무백숙,엄나무백숙
14143,엄나무참마백숙,엄나무참마백숙
14144,쌀막걸리,쌀막걸리
14145,에스프레소꼰빤나,꼰빤나
14146,카프리썬,카프리썬
14147,캐러멜마끼야토,캐러멜마끼야토
14148,목련꽃,목련꽃
14149,생강나무꽃,나무꽃
14150,칡꽃,칡꽃
14151,꽃비차,꽃비차
14152,다슬기전,다슬기전
14153,브라질옐로우버번,버번
14154,복분자동동주,복분자동동주
14155,들꽃이야기차,들꽃이야기차
14156,우렁돌솥제육쌈밥뽕잎추가,제육쌈밥뽕잎추가
14157,우렁돌솥제육쌈밥곤드레추가,제육쌈밥곤드레추가
14158,우렁각시정식,각시정식
14159,쟁반사리추가,쟁반사리추가
14160,순살콜라,순살콜라
14161,클럽마일드블랜드,마일드블랜드
14162,클럽스트롱블랜드,스트롱블랜드
14163,예가체프내츄럴,내츄럴
14164,르완다,르완다
14165,찹좁쌀동동주,찹좁쌀동동주
14166,저녁특선,저녁특선
14167,정글의법칙,정글의법칙
14168,죽낭자,죽낭자
14169,추억의제육도시락,추억의제육도시락
14170,햄쏘야,햄쏘야
14171,몬스터봉구,봉구
14172,멸치볶음,멸치볶음
14173,뽕이야,뽕이야
14174,청양불족,청양불족
14175,고창선운복분자,고창선운복분자
14176,콩부침,콩부침
14177,스지탕,스지탕
14178,햄봉순이,햄봉순이
14179,유보주머니오뎅탕,유보주머니오뎅탕
14180,쏘야해봉이,쏘야해봉이
14181,석화찜,석화찜
14182,초코소라빵,초코소라빵
14183,상투과자,상투과자
14184,멜리니비노노빌레디몬테풀치아노,테풀치아노
14185,더썸,더썸
14186,알렉스감발부르고뉴피노누아뀌베레듀빠삐,노누아뀌베레듀빠삐
14187,베세보타우라시엔시스,베세보타우라시엔시스
14188,파울로스카비노바롤로,파울로스카비노바롤로
14189,파트라슈뉘생조르쥬,파트라슈뉘생조르쥬
14190,파트라슈제브리샹베르땡,땡
14191,제라르베르트랑라포르쥬,쥬
14192,알렉스감발제브리샹베르땅,르땅
14193,라로쥬,라로쥬
14194,해포닭발,해포닭발
14195,통밀빵한접시,빵한접시
14196,흑당펄라뗴,펄라뗴
14197,가시오가피,가시오가피
14198,스시오마카세코스,스시오마카세코스
14199,런치오마카세스시,런치오마카세스시
14200,치라시스시,치라시스시
14201,오차즈케,오차즈케
14202,일번가스시,일번가스시
14203,순스시,순스시
14204,공간브런치,공간브런치
14205,산구미엘,미엘
14206,쎄시시드르,쎄시시드르
14207,조리비용,조리비용
14208,야채킹,야채킹
14209,슈퍼콤비네이션,슈퍼콤비네이션
14210,양념차림비용,차림비용
14211,내맘대로반반,내맘대로반반
14212,돌돔능성어,돌돔능성어
14213,스모그햄,스모그햄
14214,국내산피클,국내산피클
14215,마약옥수수,마약옥수수
14216,도미회게르치회,도미회게르치회
14217,황태채구이,황태채구이
14218,닭껍질교자,닭껍질교자
14219,왕교자,왕교자
14220,공복이모둠포,공복이모둠포
14221,매운닭벅지,매운닭벅지
14222,감성돔밀치,감성돔밀치
14223,두르뜨그랑페루아보르도수페리에르,도수페리에르
14224,원티드진,원티드진
14225,제라드베르트랑리저브스페시알피노누아,스페시알피노누아
14226,캡로얄보르도루즈수페리에프,보르도루즈수페리에프
14227,영덕대게포,영덕대게포
14228,쉐프스페셜,쉐프스페셜
14229,참다랑어아카미사시미,참다랑어아카미사시미
14230,굴고노와다무침,굴고노와다무침
14231,혼마구로대뱃살,혼마구로대뱃살
14232,진미사시미,진미사시미
14233,크림명란뇨끼,명란뇨끼
14234,대게살후라이,대게살후라이
14235,수제굴튀김,수제굴튀김
14236,저염명란구이,저염명란구이
14237,고노와다추가,고노와다추가
14238,실속치떡,실속치떡
14239,실속치밥,실속치밥
14240,실속치쫄,실속치쫄
14241,쌀떡꼬치,쌀떡꼬치
14242,통통김말이,통통김말이
14243,빠삭오징어롱튀김,롱튀김
14244,게찜,게찜
14245,밀고동찜,밀고동찜
14246,스페셜콤비,스페셜콤비
14247,생맹주,생맹주
14248,용대리먹태,용대리먹태
14249,뚱캔음료수,뚱캔음료수
14250,스프레소,레소
14251,항정살숯불미소야끼,항정살숯불미소야끼
14252,전주가맥황태포,전주가맥황태포
14253,한우스지오뎅탕,한우스지오뎅탕
14254,민들레한상차림,민들레한상차림
14255,티냐넬로,티냐넬로
14256,대하찜,대하찜
14257,피오체사레돌체토달바,토달바
14258,세뇨리오드이니에스타바리카,바리카
14259,분다버그핑크,핑크
14260,에벨바이스스노우프레쉬,프레쉬
14261,루이보스크렘베리만다린,만다린
14262,레이디드림,레이디드림
14263,비스코티,비스코티
14264,크레이프케이크,크레이프케이크
14265,자이언트폭립,자이언트폭립
14266,비비그라츠그릴리델테스타마타,마타
14267,오르넬라이아,오르넬라이아
14268,허니바게트볼,허니바게트볼
14269,오퍼스원,오퍼스원
14270,샤또오브리옹,샤또오브리옹
14271,카비앙카가비,카비앙카가비
14272,라샤블리지엔샤블리,라샤블리지엔샤블리
14273,대구대가리튀김,대가리튀김
14274,할매소찌개,할매소찌개
14275,등심로스,등심로스
14276,급냉삼겹,급냉삼겹
14277,양념한판맛보기,한판맛보기
14278,우럭통마리구이,통마리구이
14279,영치노,영치노
14280,병음료,병음료
14281,장및빛인생차,장및빛인생차
14282,연잎차,연잎차
14283,아벨라워아부나흐,아벨라워아부나흐
14284,강남닭볶이,강남닭볶이
14285,부산말고마산오뎅탕,부산말고마산오뎅탕
14286,김먹태와김쥐포,김먹태와김쥐포
14287,김한치와김쥐포,와김쥐포
14288,해병짜파구리,해병짜파구리
14289,육군불파게티,육군불파게티
14290,떙초염통꼬치,떙초염통꼬치
14291,반반염통꼬치,반반염통꼬치
14292,조니조엄하이볼,조니조엄하이볼
14293,페이머스그리우스,그리우스
14294,올드파년,올드파년
14295,코퍼독,코퍼독
14296,부쉬밀,부쉬밀
14297,배배런치,배배런치
14298,부쉬밀년,부쉬밀년
14299,와일드터키라이,와일드터키라이
14300,블렛버번,블렛버번
14301,블렛라이,블렛라이
14302,제임스페퍼라이,라이
14303,갑오징어와매쉬드포테이토구운야채,구운야채
14304,쿠보타센쥬,쿠보타센쥬
14305,맥캘란년,맥캘란년
14306,싱글톤년,싱글톤년
14307,글렌그란트년,글렌그란트년
14308,글렌드로낙년,글렌드로낙년
14309,엽기신전동대문라볶희,엽기신전동대문라볶희
14310,골뱅이팍팍무쳤냐,골뱅이팍팍무쳤냐
14311,의자왕돈까스,의자왕돈까스
14312,보쌈정식도시락,보쌈정식도시락
14313,매,매
14314,해녀,해녀
14315,시나본콤보,시나본콤보
14316,미니본콤보,본콤보
14317,피지콤보,피지콤보
14318,스틱스콤보,스콤보
14319,애플클럼블본변경가능,클럼블본변경가능
14320,연어구이,연어구이
14321,모둠튀김,모둠튀김
14322,애플클럼블팩,클럼블팩
14323,순대정식도시락,정식도시락
14324,돼지섞어,돼지섞어
14325,똥집튀김닭꼬치,똥집튀김닭꼬치
14326,구이용,구이용
14327,꼬들목살,꼬들목살
14328,소풍경말이,소풍경말이
14329,갈비말이,갈비말이
14330,제육말이,제육말이
14331,크리스피닭똥집,크리스피닭똥집
14332,드링크팩,드링크팩
14333,한돈언양목살,한돈언양목살
14334,한돈언양돼지갈비,한돈언양돼지갈비
14335,동래아들막걸리,동래아들막걸리
14336,명품닭꼬치,명품닭꼬치
14337,글렌모렌지년,글렌모렌지년
14338,아드벡년,아드벡년
14339,매화꽃차,매화꽃차
14340,라가불린년,라가불린년
14341,비어퐁,비어퐁
14342,보드카퐁,보드카퐁
14343,탱커레이진토닉,탱커레이진토닉
14344,댄나잇,댄나잇
14345,봄베이진토닉,봄베이진토닉
14346,바카디럼콕,바카디럼콕
14347,더블치즈피자,더블치즈피자
14348,풍선껌,풍선껌
14349,리퀴추가,리퀴추가
14350,그레이구스시트론,구스시트론
14351,봄베이사파이어진,어진
14352,바카디모히토,바카디모히토
14353,양갈비한대,한대
14354,카라멜마끼야토,마끼야토
14355,송정페일에일,송정페일에일
14356,싱글핀,싱글핀
14357,레일로드포터,레일로드포터
14358,홀릭선라이즈,홀릭선라이즈
14359,황차,황차
14360,노백차,노백차
14361,철관음,철관음
14362,정산소종,정산소종
14363,말리화차,말리화차
14364,목련꽃차,목련꽃차
14365,생강나무꽃차,나무꽃차
14366,좀비브레인,좀비브레인
14367,리퀴드코카인,리퀴드코카인
14368,베이비기네스밤,베이비기네스밤
14369,양등심,양등심
14370,포트샬롯아일라발리,포트샬롯아일라발리
14371,배배,배배
14372,뵈브글리코브뤼,뵈브글리코브뤼
14373,파이퍼하이직퀴베브뤼,퍼하이직퀴베브뤼
14374,폴당장페이브뤼,폴당장페이브뤼
14375,송,송
14376,미오네토프로세코브뤼,미오네토프로세코브뤼
14377,발비소프라니아스티,발비소프라니아스티
14378,보히가스리제르바네이처브뤼,처브뤼
14379,프레시넷카르타네바다세미세코,세미세코
14380,파니엔테샤르도네,파니엔테샤르도네
14381,알베르비쇼샤블리프리미어크뤼레바이옹,리미어크뤼레바이옹
14382,에너지드링크,에너지드링크
14383,슐로스폴라즈에디션,슐로스폴라즈에디션
14384,나파셀라샤도네이,나파셀라샤도네이
14385,까사로호엘고르도델시르코,르코
14386,게뷔르츠트라미너레쉐생트앙투완,생트앙투완
14387,르쁘띠듀크드가르노드,듀크드가르노드
14388,빠죠데세오안로살,빠죠데세오안로살
14389,프론테라샤도네이,프론테라샤도네이
14390,닭발후라이드,닭발후라이드
14391,매운뼈닭발,매운뼈닭발
14392,왕표보쌈,왕표보쌈
14393,다렌버그샤도네이,다렌버그샤도네이
14394,관자감자퓨레철판,퓨레철판
14395,키즈마인,마인
14396,활어,활어
14397,토디샷,토디샷
14398,마왕통구이,마왕통구이
14399,뼈해장탕,뼈해장탕
14400,미니족구이,족구이
14401,곱빼기및사리추가,곱빼기및사리추가
14402,싱글강정콤보,싱글강정콤보
14403,커플강정콤보,커플강정콤보
14404,패밀리강정콤보,패밀리강정콤보
14405,모든스콘종류앙버터추가가능,추가가능
14406,코젤타크,코젤타크
14407,달껍질튀김,달껍질튀김
14408,금계국꽃차,금계국꽃차
14409,동백꽃차,동백꽃차
14410,맨드라미꽃차,맨드라미꽃차
14411,백화차,백화차
14412,국결차,국결차
14413,사군자차,사군자차
14414,사물탕차,사물탕차
14415,온감차,온감차
14416,쑥차,쑥차
14417,쑥청혈차,쑥청혈차
14418,앵그리버드하드코어,앵그리버드하드코어
14419,순살앵그리버드,순살앵그리버드
14420,보라카이,보라카이
14421,죠스바,죠스바
14422,롱티,롱티
14423,두시일분,두시일분
14424,돈까쓰,돈까쓰
14425,코스타리카코페이폴리워시드,리카코페이폴리워시드
14426,크라임스하드샤도네이,스하드샤도네이
14427,보데가스알토몬카요베라톤,라톤
14428,보데가스엘니도클리오,보데가스엘니도클리오
14429,덕혼골든아이피노누아,덕혼골든아이피노누아
14430,안티노리띠냐넬로,안티노리띠냐넬로
14431,아드벡,아드벡
14432,아드벡우거다일,아드벡우거다일
14433,아드벡코리브레칸,아드벡코리브레칸
14434,라가블린,라가블린
14435,올드파,올드파
14436,제임슨캐스크메이트,제임슨캐스크메이트
14437,노아스밀,노아스밀
14438,불릿버번,불릿버번
14439,놉크릭,놉크릭
14440,버팔로트레이스,버팔로트레이스
14441,싱글사이즈,싱글사이즈
14442,더블사이브,사이브
14443,안티갈에스티뮬로말벡,안티갈에스티뮬로말벡
14444,프로메사,프로메사
14445,크라임스쉬라즈,스쉬라즈
14446,매콤한조개술찜,한조개술찜
14447,우노마스까바브륏,우노마스까바브륏
14448,생맥주무제한,생맥주무제한
14449,엘토키프레스티지샤도네이,네이
14450,소모스글라리마블랑코,랑코
14451,아까르디모스토비앙코,아까르디모스토비앙코
14452,엘비스,엘비스
14453,핫비치,핫비치
14454,프리미어생맥주,프리미어생맥주
14455,패션플릇맥주,플릇맥주
14456,고래고기,고래고기
14457,노랑치즈볼매콤한맛,한맛
14458,콩앤콩,콩앤콩
14459,깐풍똥집,깐풍똥집
14460,웰빙파닭,웰빙파닭
14461,간바치,간바치
14462,루이보스오리엔탈나이트,나이트
14463,북경식통샥스핀찜,북경식통샥스핀찜
14464,매운맛해산물,매운맛해산물
14465,해산물탕면,해산물탕면
14466,고구마맛탕,고구마맛탕
14467,면보샤,면보샤
14468,쇠고기라조육,쇠고기라조육
14469,쇠고기깐풍육,쇠고기깐풍육
14470,레드타이커리,타이커리
14471,무알콜맥주,무알콜맥주
14472,고바치,고바치
14473,비비빙,비비빙
14474,복어튀김,복어튀김
14475,와다,와다
14476,닷사이미가키니와리삼부,부
14477,독도,독도
14478,저녁정식,저녁정식
14479,백화수복원컵,백화수복원컵
14480,경주법주원컵,경주법주원컵
14481,아침,아침
14482,상하이깐풍,상하이깐풍
14483,치즈킹소떡소떡롤,킹소떡소떡롤
14484,벌꿀사리한조각,벌꿀사리한조각
14485,이슬차,이슬차
14486,커피원두단위로포장,원두단위로포장
14487,불고기향채전,향채전
14488,송이버섯소주아임파인,아임파인
14489,느린마을,느린마을
14490,호랑이,호랑이
14491,송명섭,송명섭
14492,지평생,지평생
14493,동학,동학
14494,초특선,초특선
14495,조선주조사,조선주조사
14496,순살닭발도리,순살닭발도리
14497,양념소떡소떡롤,소떡소떡롤
14498,돼지갈비후라이드,돼지갈비후라이드
14499,마늘부먹통닭,부먹통닭
14500,가오리다데기찜,다데기찜
14501,주옥찌개,주옥찌개
14502,리얼수박주스,리얼수박주스
14503,페레로로쉐,페레로로쉐
14504,메추리구이,메추리구이
14505,치요남레드케인,케인
14506,치요남갈비킹,치요남갈비킹
14507,치요남후라이드,치요남후라이드
14508,콤보변경,콤보변경
14509,샤토롤랑드비,샤토롤랑드비
14510,마쩨이필리프,리프
14511,뚜아리따페를라토델보스코로쏘,코로쏘
14512,족뱅이무침,족뱅이무침
14513,고급매운사각어묵야채맛,야채맛
14514,세트메뉴식사,메뉴식사
14515,스페셜요리셋트,스페셜요리셋트
14516,소떡미도바,소떡미도바
14517,유부주머니,주머니
14518,어묵용육수,용육수
14519,추가피클,추가피클
14520,더블불고기피자,더블불고기피자
14521,할라불고기피자,할라불고기피자
14522,슈퍼콤비네이션피자,슈퍼콤비네이션피자
14523,스위트고구마피자,스위트고구마피자
14524,계란말이추가,말이추가
14525,돼지숯불구이추가,돼지숯불구이추가
14526,돌비,돌비
14527,강다짐,강다짐
14528,통스팸,통스팸
14529,맵다짐,맵다짐
14530,다짐하나,다짐하나
14531,다짐둘,다짐둘
14532,다짐셋,다짐셋
14533,벌집꿀,벌집꿀
14534,딸기퓨레,퓨레
14535,복분자음,복분자음
14536,몬테구엘포이메들리,몬테구엘포이메들리
14537,상어지느러미,상어지느러미
14538,어묵속맛살김,속맛살김
14539,어묵속당면매운맛,속당면매운맛
14540,반전,반전
14541,황금가리비스튜,황금가리비스튜
14542,에티오피아예가체프코케허니스페셜티내추럴,내추럴
14543,파푸아뉴기니시그리블루마운틴워시드,마운틴워시드
14544,브라질옐로우버번파젠다산타알리나,버번파젠다산타알리나
14545,멕시코산추아리오익스후아틀란허니롤프로세스,롤프로세스
14546,디카페인콜롬비아스위스워터프로세스,스위스워터프로세스
14547,타코와사비,타코와사비
14548,크림통팥,통팥
14549,커스타드,커스타드
14550,모듬생선회오도리,회오도리
14551,당근퓌레뇨끼,퓌레뇨끼
14552,모듬생선회오타루,회오타루
14553,따스카,따스카
14554,복순도가,복순도가
14555,부라타프로슈토,부라타프로슈토
14556,모듬생선회삿뽀로,회삿뽀로
14557,밀키트,밀키트
14558,향시럽추가,향시럽추가
14559,흑운펄추가,흑운펄추가
14560,닭연골튀김,닭연골튀김
14561,닭봉튀김,닭봉튀김
14562,볶짬면,볶짬면
14563,창란젓,창란젓
14564,어리굴젓,어리굴젓
14565,해창도,해창도
14566,그로밋월넛초코칩쿠키,월넛초코칩쿠키
14567,통통오뎅탕,통통오뎅탕
14568,안티노리프루노토바르바레스코,루노토바르바레스코
14569,발베니캐리비안캐스크,발베니캐리비안캐스크
14570,페리에주에벨에포크,페리에주에벨에포크
14571,크룩그랑뀌베,크룩그랑뀌베
14572,루이페드리에브뤼,루이페드리에브뤼
14573,활가리비찜,활가리비찜
14574,세구라비우다스에레다드레세르바브뤼,드레세르바브뤼
14575,백골뱅이찜,백골뱅이찜
14576,진피즈,진피즈
14577,보스톤쿨러,톤쿨러
14578,발렌시아,발렌시아
14579,프렌치커넥션,커넥션
14580,블바르디에,블바르디에
14581,김렉,김렉
14582,민트줄렙,줄렙
14583,맨해튼,맨해튼
14584,하이랜드쿨러,하이랜드쿨러
14585,카카오피즈,카카오피즈
14586,플란제리코카이피리냐,플란제리코카이피리냐
14587,엠샤푸티에마리우스비오니에,오니에
14588,트림바흐리슬링,트림바흐리슬링
14589,루이자도샤블리,루이자도샤블리
14590,덕혼디코이샤도네이,덕혼디코이샤도네이
14591,스크레드파미에샤르도네,파미에샤르도네
14592,보데가스이비네도스사야베르데호,야베르데호
14593,안티노리체르바로,안티노리체르바로
14594,라미샤르도네,라미샤르도네
14595,뭄,뭄
14596,플로우플래터,플로우플래터
14597,린데만스뻬슈레제,린데만스뻬슈레제
14598,디플로마티코리제르바익스클루시바,익스클루시바
14599,맥캘란셰리캐스크,맥캘란셰리캐스크
14600,일품완스,일품완스
14601,발렌타인몰트밀튼더프,밀튼더프
14602,발렌타인몰트글렌버기,글렌버기
14603,발렌타인몰트글렌토커스,글렌토커스
14604,크라겐모어,크라겐모어
14605,달모어,달모어
14606,달위니,달위니
14607,라프로익쿼터캐스크,라프로익쿼터캐스크
14608,스타오브봄베이,오브봄베이
14609,핸드릭스미드서머솔스티스,티스
14610,디플로마티코만투아노,디플로마티코만투아노
14611,라벨라로라,라벨라로라
14612,아뻬띠드프랑스메를로,아뻬띠드프랑스메를로
14613,마쩨이지솔라,마쩨이지솔라
14614,비달플뢰리꼬뜨뒤론빌라쥐루즈,라쥐루즈
14615,활가리비,활가리비
14616,백골뱅이,백골뱅이
14617,보데가스테소라몬자알미레즈,미레즈
14618,스크레드파미에피노누아,파미에피노누아
14619,펜폴즈맥스쉬라즈,펜폴즈맥스쉬라즈
14620,이기갈지공다스,이기갈지공다스
14621,러더포드힐메를로,러더포드힐메를로
14622,이데딧담,이데딧담
14623,좌종당계,좌종당계
